timestamp,consumption_kwh,solar_generation_kw,occupancy,equipment_on_count,temperature_c,luminosity_lux
2025-09-01 00:00:00,0.31,-0.0,0,0,20.83,0
2025-09-01 01:00:00,2.044,-0.0,0,0,20.82,0
2025-09-01 02:00:00,0.353,-0.0,0,0,22.86,0
2025-09-01 03:00:00,0.468,-0.0,0,0,22.86,0
2025-09-01 04:00:00,0.288,-0.0,0,0,24.13,0
2025-09-01 05:00:00,0.27,-0.0,0,0,22.47,0
2025-09-01 06:00:00,0.83,0.0,1,1,25.02,0
2025-09-01 07:00:00,0.569,3.469,0,0,24.43,2312
2025-09-01 08:00:00,0.454,7.241,0,0,26.36,4827
2025-09-01 09:00:00,1.449,9.248,1,2,25.42,6165
2025-09-01 10:00:00,1.455,9.576,1,3,24.8,6383
2025-09-01 11:00:00,1.437,13.052,1,3,24.51,8701
2025-09-01 12:00:00,2.079,13.296,1,7,22.69,8864
2025-09-01 13:00:00,1.079,11.887,1,2,24.06,7924
2025-09-01 14:00:00,1.23,11.607,1,3,23.58,7738
2025-09-01 15:00:00,1.197,9.036,1,2,21.53,6024
2025-09-01 16:00:00,1.135,5.505,1,2,21.78,3669
2025-09-01 17:00:00,1.439,3.556,1,3,19.45,2370
2025-09-01 18:00:00,0.841,0.0,0,0,18.81,0
2025-09-01 19:00:00,0.182,-0.0,0,0,19.2,0
2025-09-01 20:00:00,0.533,-0.0,0,0,19.44,0
2025-09-01 21:00:00,0.338,-0.0,0,0,18.9,0
2025-09-01 22:00:00,0.383,-0.0,0,0,19.96,0
2025-09-01 23:00:00,0.216,-0.0,0,0,20.27,0
2025-09-02 00:00:00,0.185,-0.0,0,0,19.87,0
2025-09-02 01:00:00,0.276,-0.0,0,0,21.82,0
2025-09-02 02:00:00,0.587,-0.0,1,3,22.87,0
2025-09-02 03:00:00,0.332,-0.0,0,0,23.1,0
2025-09-02 04:00:00,0.253,-0.0,0,0,24.6,0
2025-09-02 05:00:00,0.27,-0.0,0,0,23.32,0
2025-09-02 06:00:00,0.421,0.0,0,0,25.14,0
2025-09-02 07:00:00,0.693,3.64,0,0,24.11,2426
2025-09-02 08:00:00,0.467,6.911,0,0,24.25,4607
2025-09-02 09:00:00,1.089,7.946,1,1,24.52,5297
2025-09-02 10:00:00,1.293,11.728,1,1,23.95,7818
2025-09-02 11:00:00,1.932,12.967,1,7,23.78,8644
2025-09-02 12:00:00,1.183,13.231,1,1,23.42,8820
2025-09-02 13:00:00,1.063,10.443,1,2,23.54,6961
2025-09-02 14:00:00,0.966,12.109,1,1,21.84,8072
2025-09-02 15:00:00,1.588,7.734,1,4,20.05,5155
2025-09-02 16:00:00,1.495,5.694,1,3,21.52,3796
2025-09-02 17:00:00,1.572,2.942,1,4,19.33,1961
2025-09-02 18:00:00,0.936,0.0,0,0,19.5,0
2025-09-02 19:00:00,1.216,-0.0,1,6,19.63,0
2025-09-02 20:00:00,0.179,-0.0,0,0,19.35,0
2025-09-02 21:00:00,0.278,-0.0,0,0,20.19,0
2025-09-02 22:00:00,0.32,-0.0,0,0,20.02,0
2025-09-02 23:00:00,0.514,-0.0,0,0,19.44,0
2025-09-03 00:00:00,0.291,-0.0,0,0,22.51,0
2025-09-03 01:00:00,0.051,-0.0,0,0,21.65,0
2025-09-03 02:00:00,0.314,-0.0,0,0,22.16,0
2025-09-03 03:00:00,0.256,-0.0,0,0,23.83,0
2025-09-03 04:00:00,0.232,-0.0,0,0,23.98,0
2025-09-03 05:00:00,0.406,-0.0,0,0,24.71,0
2025-09-03 06:00:00,0.651,0.0,0,0,26.85,0
2025-09-03 07:00:00,0.599,3.093,0,0,24.93,2061
2025-09-03 08:00:00,0.382,6.627,0,0,24.98,4417
2025-09-03 09:00:00,1.492,6.879,1,3,25.21,4586
2025-09-03 10:00:00,1.268,11.9,1,1,25.66,7933
2025-09-03 11:00:00,1.432,11.203,1,2,23.11,7468
2025-09-03 12:00:00,1.692,10.213,1,5,22.12,6808
2025-09-03 13:00:00,1.565,11.549,1,4,22.49,7699
2025-09-03 14:00:00,1.442,11.938,1,4,20.88,7958
2025-09-03 15:00:00,1.721,10.393,1,6,21.08,6928
2025-09-03 16:00:00,1.354,5.37,1,2,21.11,3580
2025-09-03 17:00:00,1.864,3.417,1,5,19.39,2277
2025-09-03 18:00:00,0.941,0.0,0,0,18.5,0
2025-09-03 19:00:00,0.472,-0.0,0,0,19.42,0
2025-09-03 20:00:00,0.4,-0.0,0,0,19.97,0
2025-09-03 21:00:00,0.287,-0.0,0,0,18.05,0
2025-09-03 22:00:00,0.418,-0.0,0,0,20.38,0
2025-09-03 23:00:00,2.006,-0.0,0,0,20.87,0
2025-09-04 00:00:00,0.246,-0.0,0,0,21.62,0
2025-09-04 01:00:00,0.451,-0.0,0,0,22.56,0
2025-09-04 02:00:00,0.05,-0.0,0,0,24.13,0
2025-09-04 03:00:00,0.384,-0.0,0,0,22.86,0
2025-09-04 04:00:00,0.323,-0.0,0,0,23.96,0
2025-09-04 05:00:00,0.285,-0.0,0,0,24.15,0
2025-09-04 06:00:00,0.5,0.0,0,0,24.95,0
2025-09-04 07:00:00,0.279,3.289,0,0,26.46,2192
2025-09-04 08:00:00,0.442,6.971,0,0,24.24,4647
2025-09-04 09:00:00,1.558,9.487,1,3,24.51,6324
2025-09-04 10:00:00,1.712,11.209,1,3,25.99,7472
2025-09-04 11:00:00,1.145,10.341,1,1,25.22,6893
2025-09-04 12:00:00,1.363,13.188,1,3,23.48,8792
2025-09-04 13:00:00,1.091,13.576,1,1,23.73,9050
2025-09-04 14:00:00,1.685,11.924,1,4,22.54,7949
2025-09-04 15:00:00,1.754,10.159,1,5,22.7,6772
2025-09-04 16:00:00,1.643,6.017,1,5,20.85,4011
2025-09-04 17:00:00,1.613,3.367,1,4,21.0,2244
2025-09-04 18:00:00,0.962,0.0,0,0,21.83,0
2025-09-04 19:00:00,0.468,-0.0,0,0,19.92,0
2025-09-04 20:00:00,0.272,-0.0,0,0,19.4,0
2025-09-04 21:00:00,0.325,-0.0,0,0,20.06,0
2025-09-04 22:00:00,0.328,-0.0,0,0,19.51,0
2025-09-04 23:00:00,0.211,-0.0,0,0,22.21,0
2025-09-05 00:00:00,0.286,-0.0,0,0,21.08,0
2025-09-05 01:00:00,0.294,-0.0,0,0,21.45,0
2025-09-05 02:00:00,0.276,-0.0,0,0,21.78,0
2025-09-05 03:00:00,0.279,-0.0,0,0,24.1,0
2025-09-05 04:00:00,0.156,-0.0,0,0,24.64,0
2025-09-05 05:00:00,0.271,-0.0,0,0,24.16,0
2025-09-05 06:00:00,0.459,0.0,0,0,25.48,0
2025-09-05 07:00:00,0.374,3.501,0,0,24.1,2334
2025-09-05 08:00:00,0.475,7.031,0,0,25.54,4687
2025-09-05 09:00:00,1.587,7.301,1,3,25.64,4867
2025-09-05 10:00:00,1.468,11.892,1,1,26.33,7927
2025-09-05 11:00:00,1.801,12.8,1,5,23.86,8533
2025-09-05 12:00:00,1.481,11.664,1,3,22.82,7776
2025-09-05 13:00:00,1.428,12.167,1,3,22.4,8111
2025-09-05 14:00:00,1.045,11.575,1,2,21.27,7716
2025-09-05 15:00:00,1.411,9.509,1,3,22.64,6339
2025-09-05 16:00:00,1.414,6.264,1,3,22.09,4176
2025-09-05 17:00:00,1.697,3.461,1,3,20.5,2307
2025-09-05 18:00:00,0.927,0.0,0,0,20.76,0
2025-09-05 19:00:00,0.388,-0.0,0,0,19.61,0
2025-09-05 20:00:00,0.353,-0.0,0,0,19.35,0
2025-09-05 21:00:00,0.224,-0.0,0,0,19.28,0
2025-09-05 22:00:00,0.512,-0.0,0,0,19.62,0
2025-09-05 23:00:00,0.477,-0.0,0,0,19.12,0
2025-09-06 00:00:00,0.345,-0.0,0,0,21.21,0
2025-09-06 01:00:00,0.154,-0.0,0,0,21.7,0
2025-09-06 02:00:00,0.445,-0.0,0,0,23.1,0
2025-09-06 03:00:00,0.124,-0.0,0,0,23.36,0
2025-09-06 04:00:00,0.381,-0.0,0,0,23.87,0
2025-09-06 05:00:00,0.579,-0.0,0,0,23.92,0
2025-09-06 06:00:00,0.374,0.0,0,0,25.14,0
2025-09-06 07:00:00,0.439,3.378,0,0,25.95,2251
2025-09-06 08:00:00,0.486,6.237,0,0,24.53,4158
2025-09-06 09:00:00,0.423,8.401,0,0,25.4,5600
2025-09-06 10:00:00,0.283,10.697,0,0,25.2,7131
2025-09-06 11:00:00,0.44,11.781,0,0,23.95,7854
2025-09-06 12:00:00,0.281,13.496,0,0,23.42,8997
2025-09-06 13:00:00,0.451,13.584,0,0,23.35,9055
2025-09-06 14:00:00,0.265,11.454,0,0,21.48,7636
2025-09-06 15:00:00,0.551,8.145,0,0,21.9,5429
2025-09-06 16:00:00,0.263,6.197,0,0,20.19,4131
2025-09-06 17:00:00,0.313,3.287,0,0,21.14,2191
2025-09-06 18:00:00,0.448,0.0,0,0,21.7,0
2025-09-06 19:00:00,0.204,-0.0,0,0,18.86,0
2025-09-06 20:00:00,0.384,-0.0,0,0,19.9,0
2025-09-06 21:00:00,0.522,-0.0,0,0,19.01,0
2025-09-06 22:00:00,0.182,-0.0,0,0,20.74,0
2025-09-06 23:00:00,0.409,-0.0,0,0,19.39,0
2025-09-07 00:00:00,0.281,-0.0,0,0,21.42,0
2025-09-07 01:00:00,0.357,-0.0,0,0,21.07,0
2025-09-07 02:00:00,0.127,-0.0,0,0,22.38,0
2025-09-07 03:00:00,0.127,-0.0,0,0,22.5,0
2025-09-07 04:00:00,0.39,-0.0,0,0,24.7,0
2025-09-07 05:00:00,0.354,-0.0,0,0,23.98,0
2025-09-07 06:00:00,1.281,0.0,1,5,25.56,0
2025-09-07 07:00:00,0.532,3.611,0,0,25.12,2407
2025-09-07 08:00:00,0.41,5.408,0,0,25.39,3605
2025-09-07 09:00:00,0.513,7.864,0,0,25.48,5242
2025-09-07 10:00:00,0.489,11.063,0,0,24.44,7375
2025-09-07 11:00:00,0.362,13.645,0,0,24.73,9096
2025-09-07 12:00:00,0.667,13.5,0,0,25.15,8999
2025-09-07 13:00:00,0.444,13.312,0,0,22.58,8874
2025-09-07 14:00:00,0.839,9.925,1,4,23.36,6616
2025-09-07 15:00:00,0.443,8.951,0,0,22.85,5967
2025-09-07 16:00:00,0.24,5.478,0,0,20.28,3651
2025-09-07 17:00:00,0.446,3.708,0,0,19.16,2472
2025-09-07 18:00:00,0.489,0.0,0,0,20.1,0
2025-09-07 19:00:00,0.253,-0.0,0,0,19.14,0
2025-09-07 20:00:00,0.472,-0.0,0,0,20.99,0
2025-09-07 21:00:00,0.414,-0.0,0,0,19.64,0
2025-09-07 22:00:00,0.474,-0.0,0,0,19.29,0
2025-09-07 23:00:00,0.615,-0.0,0,0,19.51,0
2025-09-08 00:00:00,0.221,-0.0,0,0,21.93,0
2025-09-08 01:00:00,0.172,-0.0,0,0,21.33,0
2025-09-08 02:00:00,0.168,-0.0,0,0,22.6,0
2025-09-08 03:00:00,0.21,-0.0,0,0,24.11,0
2025-09-08 04:00:00,0.297,-0.0,0,0,23.67,0
2025-09-08 05:00:00,0.372,-0.0,0,0,24.63,0
2025-09-08 06:00:00,0.526,0.0,0,0,25.12,0
2025-09-08 07:00:00,0.607,3.117,0,0,25.96,2077
2025-09-08 08:00:00,0.504,7.085,0,0,25.97,4723
2025-09-08 09:00:00,1.854,9.067,1,4,25.2,6044
2025-09-08 10:00:00,1.485,10.628,1,3,25.11,7085
2025-09-08 11:00:00,1.515,10.985,1,1,24.27,7323
2025-09-08 12:00:00,1.675,14.545,1,4,22.76,9696
2025-09-08 13:00:00,1.342,11.491,1,3,23.41,7660
2025-09-08 14:00:00,1.615,10.624,1,5,23.94,7082
2025-09-08 15:00:00,1.323,9.086,1,2,20.95,6057
2025-09-08 16:00:00,1.53,6.731,1,4,20.32,4487
2025-09-08 17:00:00,1.487,3.631,1,3,19.63,2420
2025-09-08 18:00:00,1.007,0.0,0,0,20.45,0
2025-09-08 19:00:00,0.343,-0.0,0,0,19.94,0
2025-09-08 20:00:00,0.255,-0.0,0,0,19.37,0
2025-09-08 21:00:00,0.183,-0.0,0,0,18.89,0
2025-09-08 22:00:00,0.321,-0.0,0,0,20.01,0
2025-09-08 23:00:00,0.49,-0.0,0,0,19.18,0
2025-09-09 00:00:00,0.276,-0.0,0,0,21.17,0
2025-09-09 01:00:00,0.113,-0.0,0,0,22.49,0
2025-09-09 02:00:00,0.296,-0.0,0,0,21.57,0
2025-09-09 03:00:00,0.332,-0.0,0,0,22.11,0
2025-09-09 04:00:00,0.234,-0.0,0,0,25.32,0
2025-09-09 05:00:00,0.34,-0.0,0,0,24.18,0
2025-09-09 06:00:00,0.518,0.0,0,0,26.04,0
2025-09-09 07:00:00,0.357,3.46,0,0,25.29,2306
2025-09-09 08:00:00,0.533,6.723,0,0,25.36,4481
2025-09-09 09:00:00,1.607,9.912,1,3,25.72,6607
2025-09-09 10:00:00,1.482,11.188,1,2,24.35,7458
2025-09-09 11:00:00,1.473,10.741,1,2,24.67,7160
2025-09-09 12:00:00,1.597,11.731,1,5,23.62,7820
2025-09-09 13:00:00,1.775,11.5,1,6,22.14,7666
2025-09-09 14:00:00,1.337,9.805,1,2,22.69,6536
2025-09-09 15:00:00,1.626,9.467,1,4,21.43,6311
2025-09-09 16:00:00,1.469,7.419,1,3,20.8,4945
2025-09-09 17:00:00,1.714,3.499,1,2,19.35,2332
2025-09-09 18:00:00,1.019,0.0,0,0,21.12,0
2025-09-09 19:00:00,0.488,-0.0,0,0,20.27,0
2025-09-09 20:00:00,0.471,-0.0,0,0,20.25,0
2025-09-09 21:00:00,0.443,-0.0,0,0,19.36,0
2025-09-09 22:00:00,0.337,-0.0,0,0,18.53,0
2025-09-09 23:00:00,0.478,-0.0,0,0,21.97,0
2025-09-10 00:00:00,0.157,-0.0,0,0,20.99,0
2025-09-10 01:00:00,0.235,-0.0,0,0,21.17,0
2025-09-10 02:00:00,0.217,-0.0,0,0,22.88,0
2025-09-10 03:00:00,0.32,-0.0,0,0,24.25,0
2025-09-10 04:00:00,0.741,-0.0,1,1,24.01,0
2025-09-10 05:00:00,0.127,-0.0,0,0,25.66,0
2025-09-10 06:00:00,0.592,0.0,0,0,25.97,0
2025-09-10 07:00:00,0.285,3.178,0,0,24.52,2118
2025-09-10 08:00:00,0.425,7.074,0,0,24.92,4715
2025-09-10 09:00:00,1.678,7.452,1,3,26.11,4968
2025-09-10 10:00:00,1.633,10.318,1,4,22.85,6878
2025-09-10 11:00:00,1.512,9.921,1,4,24.41,6614
2025-09-10 12:00:00,1.514,12.332,1,4,22.75,8221
2025-09-10 13:00:00,1.519,13.181,1,3,22.78,8787
2025-09-10 14:00:00,1.037,10.612,1,1,22.14,7074
2025-09-10 15:00:00,0.991,8.676,0,0,21.32,5783
2025-09-10 16:00:00,1.412,6.705,1,3,20.45,4469
2025-09-10 17:00:00,1.324,3.426,1,3,19.4,2284
2025-09-10 18:00:00,1.207,0.0,0,0,21.65,0
2025-09-10 19:00:00,0.428,-0.0,0,0,21.02,0
2025-09-10 20:00:00,0.114,-0.0,0,0,18.51,0
2025-09-10 21:00:00,0.387,-0.0,0,0,20.83,0
2025-09-10 22:00:00,0.296,-0.0,0,0,19.56,0
2025-09-10 23:00:00,0.489,-0.0,0,0,20.47,0
2025-09-11 00:00:00,0.155,-0.0,0,0,20.94,0
2025-09-11 01:00:00,0.249,-0.0,0,0,21.2,0
2025-09-11 02:00:00,0.341,-0.0,0,0,23.29,0
2025-09-11 03:00:00,0.397,-0.0,0,0,23.37,0
2025-09-11 04:00:00,0.161,-0.0,0,0,23.6,0
2025-09-11 05:00:00,0.269,-0.0,0,0,23.55,0
2025-09-11 06:00:00,0.42,0.0,0,0,24.34,0
2025-09-11 07:00:00,2.14,3.789,0,0,24.02,2526
2025-09-11 08:00:00,0.704,7.259,0,0,25.42,4839
2025-09-11 09:00:00,1.111,8.581,0,0,24.33,5720
2025-09-11 10:00:00,1.359,11.582,1,3,24.76,7721
2025-09-11 11:00:00,1.775,11.324,1,4,25.57,7549
2025-09-11 12:00:00,1.891,12.652,1,4,24.8,8434
2025-09-11 13:00:00,1.413,13.133,1,2,23.08,8755
2025-09-11 14:00:00,1.393,10.04,1,4,22.26,6693
2025-09-11 15:00:00,1.508,8.683,1,4,23.06,5788
2025-09-11 16:00:00,1.259,4.047,1,1,21.25,2698
2025-09-11 17:00:00,1.617,3.45,1,5,19.96,2300
2025-09-11 18:00:00,1.003,0.0,0,0,18.62,0
2025-09-11 19:00:00,0.445,-0.0,0,0,19.79,0
2025-09-11 20:00:00,0.245,-0.0,0,0,20.05,0
2025-09-11 21:00:00,0.358,-0.0,0,0,19.0,0
2025-09-11 22:00:00,0.05,-0.0,0,0,20.05,0
2025-09-11 23:00:00,0.264,-0.0,0,0,20.01,0
2025-09-12 00:00:00,0.22,-0.0,0,0,20.79,0
2025-09-12 01:00:00,0.113,-0.0,0,0,19.67,0
2025-09-12 02:00:00,0.471,-0.0,0,0,22.26,0
2025-09-12 03:00:00,0.133,-0.0,0,0,23.98,0
2025-09-12 04:00:00,0.249,-0.0,0,0,23.42,0
2025-09-12 05:00:00,0.345,-0.0,0,0,24.57,0
2025-09-12 06:00:00,0.651,0.0,0,0,24.38,0
2025-09-12 07:00:00,0.477,3.403,1,1,25.55,2268
2025-09-12 08:00:00,0.626,4.017,0,0,25.17,2678
2025-09-12 09:00:00,1.366,9.484,1,2,24.47,6322
2025-09-12 10:00:00,1.417,12.144,1,3,25.97,8095
2025-09-12 11:00:00,2.011,13.086,1,6,25.15,8724
2025-09-12 12:00:00,1.18,12.985,1,1,23.29,8656
2025-09-12 13:00:00,1.224,12.512,1,2,23.44,8341
2025-09-12 14:00:00,1.583,10.181,1,4,22.69,6787
2025-09-12 15:00:00,1.518,10.174,1,4,21.99,6782
2025-09-12 16:00:00,1.27,6.911,1,2,19.41,4607
2025-09-12 17:00:00,1.181,3.255,1,1,20.95,2170
2025-09-12 18:00:00,1.14,0.0,0,0,19.23,0
2025-09-12 19:00:00,0.203,-0.0,0,0,19.11,0
2025-09-12 20:00:00,0.613,-0.0,0,0,21.42,0
2025-09-12 21:00:00,0.13,-0.0,0,0,19.67,0
2025-09-12 22:00:00,0.357,-0.0,0,0,19.43,0
2025-09-12 23:00:00,0.458,-0.0,0,0,18.46,0
2025-09-13 00:00:00,0.284,-0.0,0,0,21.97,0
2025-09-13 01:00:00,0.188,-0.0,0,0,20.51,0
2025-09-13 02:00:00,0.25,-0.0,0,0,21.55,0
2025-09-13 03:00:00,0.226,-0.0,0,0,22.86,0
2025-09-13 04:00:00,0.262,-0.0,0,0,24.97,0
2025-09-13 05:00:00,0.442,-0.0,0,0,25.07,0
2025-09-13 06:00:00,0.528,0.0,0,0,24.78,0
2025-09-13 07:00:00,0.414,2.869,0,0,25.43,1912
2025-09-13 08:00:00,0.587,6.152,0,0,24.78,4101
2025-09-13 09:00:00,0.517,9.081,0,0,25.25,6054
2025-09-13 10:00:00,0.56,7.81,0,0,24.88,5206
2025-09-13 11:00:00,0.53,13.62,0,0,25.1,9079
2025-09-13 12:00:00,0.33,10.265,0,0,24.46,6843
2025-09-13 13:00:00,0.327,12.607,0,0,23.35,8404
2025-09-13 14:00:00,0.465,11.557,0,0,21.88,7704
2025-09-13 15:00:00,0.438,10.075,0,0,21.99,6716
2025-09-13 16:00:00,0.354,6.543,0,0,20.6,4361
2025-09-13 17:00:00,0.366,3.669,0,0,19.19,2445
2025-09-13 18:00:00,0.503,0.0,0,0,19.27,0
2025-09-13 19:00:00,0.281,-0.0,0,0,19.38,0
2025-09-13 20:00:00,0.422,-0.0,0,0,19.95,0
2025-09-13 21:00:00,0.34,-0.0,0,0,19.19,0
2025-09-13 22:00:00,0.349,-0.0,0,0,18.68,0
2025-09-13 23:00:00,0.519,-0.0,0,0,20.18,0
2025-09-14 00:00:00,0.349,-0.0,0,0,20.86,0
2025-09-14 01:00:00,0.361,-0.0,0,0,21.64,0
2025-09-14 02:00:00,0.432,-0.0,0,0,23.0,0
2025-09-14 03:00:00,0.305,-0.0,0,0,23.85,0
2025-09-14 04:00:00,0.381,-0.0,0,0,23.27,0
2025-09-14 05:00:00,0.278,-0.0,0,0,23.86,0
2025-09-14 06:00:00,0.508,0.0,0,0,23.98,0
2025-09-14 07:00:00,0.486,3.361,0,0,25.65,2240
2025-09-14 08:00:00,0.522,5.824,0,0,26.33,3882
2025-09-14 09:00:00,0.543,10.473,0,0,24.79,6982
2025-09-14 10:00:00,0.657,12.596,1,2,24.53,8397
2025-09-14 11:00:00,0.712,7.582,0,0,25.4,5054
2025-09-14 12:00:00,0.299,13.396,0,0,24.0,8930
2025-09-14 13:00:00,0.246,9.873,0,0,23.21,6581
2025-09-14 14:00:00,0.514,11.92,0,0,21.12,7946
2025-09-14 15:00:00,0.46,8.854,0,0,21.84,5902
2025-09-14 16:00:00,0.432,6.354,0,0,19.83,4236
2025-09-14 17:00:00,0.427,3.55,0,0,19.06,2366
2025-09-14 18:00:00,0.349,0.0,0,0,19.22,0
2025-09-14 19:00:00,0.244,-0.0,0,0,18.74,0
2025-09-14 20:00:00,0.366,-0.0,0,0,18.94,0
2025-09-14 21:00:00,0.283,-0.0,0,0,18.09,0
2025-09-14 22:00:00,0.492,-0.0,0,0,20.32,0
2025-09-14 23:00:00,0.369,-0.0,0,0,20.94,0
2025-09-15 00:00:00,0.151,-0.0,0,0,19.11,0
2025-09-15 01:00:00,0.224,-0.0,0,0,22.17,0
2025-09-15 02:00:00,0.325,-0.0,0,0,21.52,0
2025-09-15 03:00:00,0.23,-0.0,0,0,23.62,0
2025-09-15 04:00:00,0.206,-0.0,0,0,23.59,0
2025-09-15 05:00:00,0.353,-0.0,0,0,24.28,0
2025-09-15 06:00:00,0.511,0.0,0,0,24.56,0
2025-09-15 07:00:00,0.897,3.199,1,3,25.96,2132
2025-09-15 08:00:00,0.408,7.059,0,0,24.08,4706
2025-09-15 09:00:00,1.112,8.354,0,0,25.43,5569
2025-09-15 10:00:00,1.501,9.929,1,4,25.5,6619
2025-09-15 11:00:00,1.178,10.828,1,2,24.7,7218
2025-09-15 12:00:00,1.711,10.795,1,5,25.35,7196
2025-09-15 13:00:00,0.961,12.67,0,0,22.33,8446
2025-09-15 14:00:00,1.612,11.688,1,4,22.74,7792
2025-09-15 15:00:00,1.592,9.071,1,3,21.11,6047
2025-09-15 16:00:00,1.21,6.163,1,1,21.46,4108
2025-09-15 17:00:00,0.933,2.92,0,0,19.85,1946
2025-09-15 18:00:00,0.948,0.0,0,0,19.08,0
2025-09-15 19:00:00,0.231,-0.0,0,0,20.15,0
2025-09-15 20:00:00,0.354,-0.0,0,0,18.63,0
2025-09-15 21:00:00,0.33,-0.0,0,0,18.0,0
2025-09-15 22:00:00,0.414,-0.0,0,0,19.03,0
2025-09-15 23:00:00,0.288,-0.0,0,0,20.43,0
2025-09-16 00:00:00,0.312,-0.0,0,0,21.68,0
2025-09-16 01:00:00,0.447,-0.0,0,0,21.38,0
2025-09-16 02:00:00,0.264,-0.0,0,0,23.12,0
2025-09-16 03:00:00,0.334,-0.0,0,0,21.74,0
2025-09-16 04:00:00,0.53,-0.0,1,1,23.19,0
2025-09-16 05:00:00,0.269,-0.0,0,0,23.92,0
2025-09-16 06:00:00,0.507,0.0,0,0,24.51,0
2025-09-16 07:00:00,0.489,3.712,0,0,24.95,2474
2025-09-16 08:00:00,0.505,5.657,0,0,25.52,3771
2025-09-16 09:00:00,1.122,9.565,1,1,24.48,6376
2025-09-16 10:00:00,1.361,10.756,1,2,24.63,7170
2025-09-16 11:00:00,1.842,12.311,1,5,23.99,8207
2025-09-16 12:00:00,1.174,12.963,0,0,22.65,8641
2025-09-16 13:00:00,1.252,13.638,1,1,22.56,9092
2025-09-16 14:00:00,1.833,11.484,1,4,21.75,7655
2025-09-16 15:00:00,1.173,7.568,1,2,20.96,5045
2025-09-16 16:00:00,1.361,5.69,1,2,20.39,3793
2025-09-16 17:00:00,1.124,2.656,1,1,19.82,1770
2025-09-16 18:00:00,1.213,0.0,0,0,18.94,0
2025-09-16 19:00:00,0.255,-0.0,0,0,20.02,0
2025-09-16 20:00:00,0.256,-0.0,0,0,17.98,0
2025-09-16 21:00:00,0.743,-0.0,1,3,18.45,0
2025-09-16 22:00:00,0.12,-0.0,0,0,21.57,0
2025-09-16 23:00:00,0.324,-0.0,0,0,19.0,0
2025-09-17 00:00:00,0.159,-0.0,0,0,19.37,0
2025-09-17 01:00:00,0.281,-0.0,0,0,21.77,0
2025-09-17 02:00:00,0.316,-0.0,0,0,20.3,0
2025-09-17 03:00:00,0.51,-0.0,0,0,22.54,0
2025-09-17 04:00:00,0.45,-0.0,0,0,25.16,0
2025-09-17 05:00:00,0.229,-0.0,0,0,22.81,0
2025-09-17 06:00:00,0.342,0.0,0,0,22.92,0
2025-09-17 07:00:00,0.519,3.056,0,0,23.58,2037
2025-09-17 08:00:00,0.336,6.889,0,0,25.58,4592
2025-09-17 09:00:00,1.908,9.572,1,4,25.64,6381
2025-09-17 10:00:00,1.787,9.59,1,4,24.01,6393
2025-09-17 11:00:00,1.436,11.63,1,3,24.47,7753
2025-09-17 12:00:00,1.422,13.257,1,4,24.4,8838
2025-09-17 13:00:00,1.469,9.412,1,2,23.98,6274
2025-09-17 14:00:00,1.561,12.715,1,4,21.57,8476
2025-09-17 15:00:00,2.013,8.972,1,6,19.15,5981
2025-09-17 16:00:00,0.915,6.407,1,1,19.61,4271
2025-09-17 17:00:00,1.18,2.833,1,2,19.31,1888
2025-09-17 18:00:00,0.951,0.0,0,0,18.98,0
2025-09-17 19:00:00,0.357,-0.0,0,0,18.75,0
2025-09-17 20:00:00,0.303,-0.0,0,0,19.71,0
2025-09-17 21:00:00,0.439,-0.0,0,0,19.95,0
2025-09-17 22:00:00,0.247,-0.0,0,0,19.11,0
2025-09-17 23:00:00,0.37,-0.0,0,0,20.61,0
2025-09-18 00:00:00,0.264,-0.0,0,0,20.64,0
2025-09-18 01:00:00,0.325,-0.0,0,0,21.14,0
2025-09-18 02:00:00,0.36,-0.0,0,0,22.58,0
2025-09-18 03:00:00,0.15,-0.0,0,0,22.69,0
2025-09-18 04:00:00,0.149,-0.0,0,0,24.99,0
2025-09-18 05:00:00,0.452,-0.0,0,0,22.8,0
2025-09-18 06:00:00,0.51,0.0,0,0,23.99,0
2025-09-18 07:00:00,0.39,3.638,0,0,24.58,2425
2025-09-18 08:00:00,0.672,5.462,0,0,25.12,3641
2025-09-18 09:00:00,1.402,8.092,1,2,25.65,5394
2025-09-18 10:00:00,1.493,11.04,1,2,24.3,7359
2025-09-18 11:00:00,1.471,12.434,1,3,22.69,8289
2025-09-18 12:00:00,2.015,11.751,1,5,23.86,7834
2025-09-18 13:00:00,1.649,11.878,1,3,23.06,7918
2025-09-18 14:00:00,1.995,11.322,1,7,20.12,7548
2025-09-18 15:00:00,1.381,9.214,1,2,20.89,6142
2025-09-18 16:00:00,1.484,5.508,1,3,18.9,3672
2025-09-18 17:00:00,1.416,3.525,1,2,19.03,2349
2025-09-18 18:00:00,0.834,0.0,0,0,18.37,0
2025-09-18 19:00:00,0.434,-0.0,0,0,19.46,0
2025-09-18 20:00:00,0.484,-0.0,0,0,18.81,0
2025-09-18 21:00:00,0.154,-0.0,0,0,17.81,0
2025-09-18 22:00:00,0.233,-0.0,0,0,19.86,0
2025-09-18 23:00:00,0.142,-0.0,0,0,18.49,0
2025-09-19 00:00:00,0.218,-0.0,0,0,20.53,0
2025-09-19 01:00:00,0.349,-0.0,0,0,20.34,0
2025-09-19 02:00:00,0.755,-0.0,1,2,21.48,0
2025-09-19 03:00:00,0.894,-0.0,1,4,22.94,0
2025-09-19 04:00:00,0.502,-0.0,0,0,23.67,0
2025-09-19 05:00:00,0.621,-0.0,1,3,24.93,0
2025-09-19 06:00:00,0.271,0.0,0,0,24.25,0
2025-09-19 07:00:00,0.478,3.037,0,0,24.84,2024
2025-09-19 08:00:00,0.516,6.53,0,0,24.33,4353
2025-09-19 09:00:00,1.965,10.518,1,6,24.7,7011
2025-09-19 10:00:00,1.109,12.344,1,2,24.59,8229
2025-09-19 11:00:00,1.615,12.969,1,4,23.66,8646
2025-09-19 12:00:00,0.843,13.071,0,0,21.66,8713
2025-09-19 13:00:00,1.667,11.16,1,4,22.64,7439
2025-09-19 14:00:00,1.769,9.23,1,5,21.88,6153
2025-09-19 15:00:00,1.452,9.511,1,4,20.27,6340
2025-09-19 16:00:00,1.495,6.29,1,4,19.06,4193
2025-09-19 17:00:00,1.275,2.999,1,3,20.66,1999
2025-09-19 18:00:00,0.942,0.0,0,0,19.41,0
2025-09-19 19:00:00,0.466,-0.0,0,0,18.54,0
2025-09-19 20:00:00,0.238,-0.0,0,0,17.73,0
2025-09-19 21:00:00,0.425,-0.0,0,0,18.1,0
2025-09-19 22:00:00,0.311,-0.0,0,0,20.11,0
2025-09-19 23:00:00,0.292,-0.0,0,0,19.67,0
2025-09-20 00:00:00,0.237,-0.0,0,0,19.75,0
2025-09-20 01:00:00,0.139,-0.0,0,0,21.33,0
2025-09-20 02:00:00,0.209,-0.0,0,0,21.04,0
2025-09-20 03:00:00,0.155,-0.0,0,0,23.67,0
2025-09-20 04:00:00,0.554,-0.0,0,0,24.26,0
2025-09-20 05:00:00,0.311,-0.0,0,0,23.41,0
2025-09-20 06:00:00,0.381,0.0,0,0,23.74,0
2025-09-20 07:00:00,0.474,2.88,0,0,22.43,1920
2025-09-20 08:00:00,0.438,6.733,0,0,23.42,4488
2025-09-20 09:00:00,0.417,9.661,0,0,23.41,6440
2025-09-20 10:00:00,0.524,11.839,0,0,24.27,7892
2025-09-20 11:00:00,0.962,10.614,1,3,23.41,7076
2025-09-20 12:00:00,0.336,12.741,0,0,21.96,8494
2025-09-20 13:00:00,0.318,13.414,0,0,22.08,8942
2025-09-20 14:00:00,0.342,9.999,0,0,21.92,6665
2025-09-20 15:00:00,0.088,8.078,0,0,21.17,5385
2025-09-20 16:00:00,0.175,6.515,0,0,18.5,4343
2025-09-20 17:00:00,0.516,3.661,0,0,19.31,2440
2025-09-20 18:00:00,0.547,0.0,0,0,17.84,0
2025-09-20 19:00:00,0.322,-0.0,0,0,19.38,0
2025-09-20 20:00:00,0.426,-0.0,0,0,19.2,0
2025-09-20 21:00:00,0.402,-0.0,0,0,17.98,0
2025-09-20 22:00:00,0.744,-0.0,0,0,18.4,0
2025-09-20 23:00:00,0.521,-0.0,0,0,19.13,0
2025-09-21 00:00:00,0.235,-0.0,0,0,18.33,0
2025-09-21 01:00:00,0.148,-0.0,0,0,21.13,0
2025-09-21 02:00:00,0.082,-0.0,0,0,21.42,0
2025-09-21 03:00:00,0.313,-0.0,0,0,23.18,0
2025-09-21 04:00:00,0.203,-0.0,0,0,22.24,0
2025-09-21 05:00:00,0.132,-0.0,0,0,23.23,0
2025-09-21 06:00:00,0.372,0.0,0,0,22.98,0
2025-09-21 07:00:00,0.332,3.37,0,0,23.66,2246
2025-09-21 08:00:00,0.658,5.433,0,0,23.6,3621
2025-09-21 09:00:00,0.886,8.494,1,2,25.22,5662
2025-09-21 10:00:00,0.435,9.597,0,0,23.55,6397
2025-09-21 11:00:00,0.605,12.785,0,0,23.72,8523
2025-09-21 12:00:00,0.409,12.174,0,0,22.68,8116
2025-09-21 13:00:00,0.284,11.892,0,0,21.23,7927
2025-09-21 14:00:00,0.558,12.691,0,0,21.33,8460
2025-09-21 15:00:00,0.429,10.327,0,0,21.17,6884
2025-09-21 16:00:00,0.232,7.277,0,0,19.01,4851
2025-09-21 17:00:00,0.329,3.324,0,0,20.01,2216
2025-09-21 18:00:00,0.245,0.0,0,0,18.22,0
2025-09-21 19:00:00,0.186,-0.0,0,0,18.23,0
2025-09-21 20:00:00,0.768,-0.0,1,2,18.96,0
2025-09-21 21:00:00,0.594,-0.0,0,0,18.12,0
2025-09-21 22:00:00,0.207,-0.0,0,0,19.0,0
2025-09-21 23:00:00,0.455,-0.0,0,0,19.2,0
2025-09-22 00:00:00,0.172,-0.0,0,0,20.19,0
2025-09-22 01:00:00,0.804,-0.0,1,4,18.91,0
2025-09-22 02:00:00,0.204,-0.0,0,0,20.13,0
2025-09-22 03:00:00,0.182,-0.0,0,0,22.86,0
2025-09-22 04:00:00,0.317,-0.0,0,0,23.91,0
2025-09-22 05:00:00,0.199,-0.0,0,0,22.96,0
2025-09-22 06:00:00,0.502,0.0,0,0,23.95,0
2025-09-22 07:00:00,0.476,3.64,0,0,24.67,2426
2025-09-22 08:00:00,0.456,4.897,0,0,25.07,3264
2025-09-22 09:00:00,1.226,10.063,1,2,22.77,6708
2025-09-22 10:00:00,1.413,11.633,1,3,23.37,7755
2025-09-22 11:00:00,1.71,12.576,1,4,23.32,8384
2025-09-22 12:00:00,1.22,13.996,1,1,23.51,9330
2025-09-22 13:00:00,1.194,11.96,1,2,24.22,7973
2025-09-22 14:00:00,1.287,11.84,1,2,21.26,7893
2025-09-22 15:00:00,1.355,6.361,1,2,19.54,4240
2025-09-22 16:00:00,1.356,6.564,1,4,20.27,4375
2025-09-22 17:00:00,1.317,2.944,1,2,20.39,1962
2025-09-22 18:00:00,0.87,0.0,0,0,18.96,0
2025-09-22 19:00:00,0.42,-0.0,0,0,17.86,0
2025-09-22 20:00:00,0.265,-0.0,0,0,19.27,0
2025-09-22 21:00:00,0.148,-0.0,0,0,19.16,0
2025-09-22 22:00:00,0.18,-0.0,0,0,18.12,0
2025-09-22 23:00:00,0.393,-0.0,0,0,19.74,0
2025-09-23 00:00:00,0.281,-0.0,0,0,20.86,0
2025-09-23 01:00:00,0.154,-0.0,0,0,21.74,0
2025-09-23 02:00:00,0.352,-0.0,0,0,21.52,0
2025-09-23 03:00:00,0.086,-0.0,0,0,22.06,0
2025-09-23 04:00:00,0.306,-0.0,0,0,24.04,0
2025-09-23 05:00:00,0.153,-0.0,0,0,22.7,0
2025-09-23 06:00:00,0.401,0.0,0,0,24.48,0
2025-09-23 07:00:00,0.46,3.607,0,0,23.32,2404
2025-09-23 08:00:00,0.387,6.185,0,0,25.35,4123
2025-09-23 09:00:00,1.163,9.438,1,1,24.17,6292
2025-09-23 10:00:00,1.487,10.176,1,2,25.08,6784
2025-09-23 11:00:00,1.263,13.73,1,2,23.96,9153
2025-09-23 12:00:00,1.55,9.082,1,3,21.96,6054
2025-09-23 13:00:00,1.458,11.761,1,4,23.35,7840
2025-09-23 14:00:00,1.639,8.385,1,4,22.67,5590
2025-09-23 15:00:00,1.588,7.751,1,3,21.36,5167
2025-09-23 16:00:00,1.11,6.77,1,3,19.33,4513
2025-09-23 17:00:00,1.606,2.928,1,5,19.08,1951
2025-09-23 18:00:00,1.019,0.0,0,0,18.98,0
2025-09-23 19:00:00,0.327,-0.0,0,0,18.02,0
2025-09-23 20:00:00,0.401,-0.0,0,0,19.86,0
2025-09-23 21:00:00,0.292,-0.0,0,0,18.74,0
2025-09-23 22:00:00,0.385,-0.0,0,0,16.78,0
2025-09-23 23:00:00,0.368,-0.0,0,0,19.7,0
2025-09-24 00:00:00,0.39,-0.0,0,0,19.79,0
2025-09-24 01:00:00,0.743,-0.0,1,3,20.74,0
2025-09-24 02:00:00,0.316,-0.0,0,0,21.28,0
2025-09-24 03:00:00,0.236,-0.0,0,0,22.99,0
2025-09-24 04:00:00,0.254,-0.0,0,0,23.96,0
2025-09-24 05:00:00,1.014,-0.0,1,5,23.9,0
2025-09-24 06:00:00,1.265,0.0,1,5,23.87,0
2025-09-24 07:00:00,0.426,3.687,0,0,24.39,2458
2025-09-24 08:00:00,0.509,7.232,0,0,24.52,4821
2025-09-24 09:00:00,1.449,8.386,1,1,23.75,5590
2025-09-24 10:00:00,1.76,10.181,1,4,24.53,6787
2025-09-24 11:00:00,1.293,12.641,1,2,23.95,8427
2025-09-24 12:00:00,2.218,10.949,1,7,24.18,7299
2025-09-24 13:00:00,0.943,12.474,0,0,23.22,8315
2025-09-24 14:00:00,1.03,11.131,1,2,20.89,7420
2025-09-24 15:00:00,0.844,9.244,0,0,21.33,6162
2025-09-24 16:00:00,1.332,7.242,1,4,19.19,4827
2025-09-24 17:00:00,1.06,3.481,1,1,19.9,2320
2025-09-24 18:00:00,0.952,0.0,0,0,18.47,0
2025-09-24 19:00:00,0.553,-0.0,0,0,17.78,0
2025-09-24 20:00:00,0.396,-0.0,0,0,18.74,0
2025-09-24 21:00:00,0.338,-0.0,0,0,16.5,0
2025-09-24 22:00:00,0.475,-0.0,0,0,17.56,0
2025-09-24 23:00:00,0.122,-0.0,0,0,19.31,0
2025-09-25 00:00:00,0.278,-0.0,0,0,20.15,0
2025-09-25 01:00:00,0.355,-0.0,0,0,20.52,0
2025-09-25 02:00:00,0.098,-0.0,0,0,20.33,0
2025-09-25 03:00:00,0.423,-0.0,0,0,21.72,0
2025-09-25 04:00:00,0.342,-0.0,0,0,23.4,0
2025-09-25 05:00:00,0.272,-0.0,0,0,24.17,0
2025-09-25 06:00:00,0.549,0.0,0,0,24.15,0
2025-09-25 07:00:00,0.768,3.358,0,0,25.38,2238
2025-09-25 08:00:00,0.502,7.1,0,0,24.85,4733
2025-09-25 09:00:00,1.232,8.873,1,1,23.82,5915
2025-09-25 10:00:00,1.437,9.537,1,3,23.88,6357
2025-09-25 11:00:00,1.361,13.542,1,3,22.49,9027
2025-09-25 12:00:00,1.85,10.952,1,5,22.89,7301
2025-09-25 13:00:00,1.037,10.23,1,1,23.14,6819
2025-09-25 14:00:00,1.584,11.891,1,4,22.02,7927
2025-09-25 15:00:00,0.907,8.9,0,0,21.83,5933
2025-09-25 16:00:00,1.614,4.697,1,4,19.75,3131
2025-09-25 17:00:00,1.442,3.476,1,3,20.46,2317
2025-09-25 18:00:00,1.075,0.0,0,0,18.77,0
2025-09-25 19:00:00,0.291,-0.0,0,0,19.82,0
2025-09-25 20:00:00,0.324,-0.0,0,0,18.54,0
2025-09-25 21:00:00,0.247,-0.0,0,0,19.25,0
2025-09-25 22:00:00,0.322,-0.0,0,0,20.18,0
2025-09-25 23:00:00,0.432,-0.0,0,0,19.34,0
2025-09-26 00:00:00,0.341,-0.0,0,0,20.3,0
2025-09-26 01:00:00,0.152,-0.0,0,0,21.89,0
2025-09-26 02:00:00,0.379,-0.0,0,0,21.54,0
2025-09-26 03:00:00,0.448,-0.0,0,0,21.36,0
2025-09-26 04:00:00,0.38,-0.0,0,0,24.85,0
2025-09-26 05:00:00,0.531,-0.0,0,0,23.37,0
2025-09-26 06:00:00,0.384,0.0,0,0,24.34,0
2025-09-26 07:00:00,1.397,2.962,1,7,25.42,1974
2025-09-26 08:00:00,0.252,7.361,0,0,24.1,4907
2025-09-26 09:00:00,1.528,10.013,1,2,23.66,6675
2025-09-26 10:00:00,1.431,11.61,1,2,24.36,7740
2025-09-26 11:00:00,1.006,11.191,0,0,22.23,7460
2025-09-26 12:00:00,1.034,14.382,0,0,22.8,9587
2025-09-26 13:00:00,1.002,12.031,1,1,22.5,8020
2025-09-26 14:00:00,1.418,9.766,1,1,21.31,6510
2025-09-26 15:00:00,1.58,9.379,1,4,19.52,6252
2025-09-26 16:00:00,1.57,6.163,1,4,21.32,4108
2025-09-26 17:00:00,1.789,3.084,1,5,19.52,2055
2025-09-26 18:00:00,1.008,0.0,0,0,20.12,0
2025-09-26 19:00:00,0.379,-0.0,0,0,18.49,0
2025-09-26 20:00:00,0.262,-0.0,0,0,17.91,0
2025-09-26 21:00:00,0.421,-0.0,0,0,18.96,0
2025-09-26 22:00:00,0.601,-0.0,0,0,18.89,0
2025-09-26 23:00:00,0.549,-0.0,0,0,18.61,0
2025-09-27 00:00:00,0.441,-0.0,0,0,21.37,0
2025-09-27 01:00:00,0.202,-0.0,0,0,20.43,0
2025-09-27 02:00:00,0.156,-0.0,0,0,20.23,0
2025-09-27 03:00:00,0.281,-0.0,0,0,23.54,0
2025-09-27 04:00:00,0.3,-0.0,0,0,22.8,0
2025-09-27 05:00:00,0.436,-0.0,0,0,23.33,0
2025-09-27 06:00:00,0.247,0.0,0,0,22.87,0
2025-09-27 07:00:00,0.691,3.514,0,0,25.96,2342
2025-09-27 08:00:00,0.437,5.044,0,0,23.62,3362
2025-09-27 09:00:00,0.416,8.564,0,0,24.58,5709
2025-09-27 10:00:00,0.343,11.379,0,0,24.95,7586
2025-09-27 11:00:00,0.236,13.021,0,0,24.07,8680
2025-09-27 12:00:00,0.5,11.896,0,0,23.06,7930
2025-09-27 13:00:00,0.396,12.234,0,0,21.02,8155
2025-09-27 14:00:00,0.22,11.295,0,0,20.95,7529
2025-09-27 15:00:00,0.209,10.068,0,0,20.98,6711
2025-09-27 16:00:00,0.316,6.884,0,0,19.49,4589
2025-09-27 17:00:00,0.552,2.697,0,0,19.67,1797
2025-09-27 18:00:00,0.319,0.0,0,0,19.6,0
2025-09-27 19:00:00,0.171,-0.0,0,0,19.54,0
2025-09-27 20:00:00,0.327,-0.0,0,0,17.71,0
2025-09-27 21:00:00,0.332,-0.0,0,0,20.57,0
2025-09-27 22:00:00,0.051,-0.0,0,0,19.75,0
2025-09-27 23:00:00,0.381,-0.0,0,0,19.63,0
2025-09-28 00:00:00,0.222,-0.0,0,0,21.14,0
2025-09-28 01:00:00,0.346,-0.0,0,0,22.89,0
2025-09-28 02:00:00,0.497,-0.0,0,0,20.63,0
2025-09-28 03:00:00,0.421,-0.0,0,0,22.38,0
2025-09-28 04:00:00,0.261,-0.0,0,0,21.38,0
2025-09-28 05:00:00,0.186,-0.0,0,0,24.05,0
2025-09-28 06:00:00,0.792,0.0,0,0,24.65,0
2025-09-28 07:00:00,0.488,3.567,0,0,24.62,2378
2025-09-28 08:00:00,0.919,6.423,1,3,24.21,4281
2025-09-28 09:00:00,0.432,8.922,0,0,22.98,5947
2025-09-28 10:00:00,0.481,12.307,0,0,24.6,8204
2025-09-28 11:00:00,0.435,8.489,0,0,24.98,5659
2025-09-28 12:00:00,0.331,13.171,0,0,22.72,8780
2025-09-28 13:00:00,0.321,10.831,0,0,22.81,7220
2025-09-28 14:00:00,0.371,11.133,0,0,20.43,7421
2025-09-28 15:00:00,0.299,7.96,0,0,21.28,5306
2025-09-28 16:00:00,0.271,5.804,0,0,19.89,3869
2025-09-28 17:00:00,0.364,3.266,0,0,18.99,2177
2025-09-28 18:00:00,0.319,0.0,0,0,18.53,0
2025-09-28 19:00:00,0.532,-0.0,0,0,18.55,0
2025-09-28 20:00:00,0.339,-0.0,1,2,19.09,0
2025-09-28 21:00:00,0.496,-0.0,0,0,17.86,0
2025-09-28 22:00:00,0.525,-0.0,0,0,18.91,0
2025-09-28 23:00:00,0.138,-0.0,0,0,19.69,0
2025-09-29 00:00:00,0.209,-0.0,0,0,19.48,0
2025-09-29 01:00:00,0.668,-0.0,1,3,22.53,0
2025-09-29 02:00:00,0.106,-0.0,0,0,21.19,0
2025-09-29 03:00:00,0.192,-0.0,0,0,22.12,0
2025-09-29 04:00:00,0.16,-0.0,0,0,22.59,0
2025-09-29 05:00:00,0.557,-0.0,0,0,25.43,0
2025-09-29 06:00:00,0.6,0.0,0,0,24.9,0
2025-09-29 07:00:00,0.621,2.335,0,0,23.99,1556
2025-09-29 08:00:00,0.584,5.942,0,0,25.71,3961
2025-09-29 09:00:00,1.387,9.728,1,3,24.87,6485
2025-09-29 10:00:00,1.444,9.729,1,3,24.6,6485
2025-09-29 11:00:00,1.234,12.89,1,1,23.64,8593
2025-09-29 12:00:00,1.153,13.551,1,2,22.68,9033
2025-09-29 13:00:00,1.823,12.437,1,5,22.83,8291
2025-09-29 14:00:00,1.396,12.482,1,3,21.35,8321
2025-09-29 15:00:00,1.67,7.019,1,5,22.47,4679
2025-09-29 16:00:00,1.792,6.311,1,5,19.29,4207
2025-09-29 17:00:00,1.455,3.237,1,3,20.92,2158
2025-09-29 18:00:00,0.907,0.0,0,0,19.15,0
2025-09-29 19:00:00,0.491,-0.0,0,0,19.2,0
2025-09-29 20:00:00,0.227,-0.0,0,0,19.55,0
2025-09-29 21:00:00,0.439,-0.0,0,0,18.5,0
2025-09-29 22:00:00,0.446,-0.0,0,0,20.02,0
2025-09-29 23:00:00,0.35,-0.0,0,0,17.66,0
2025-09-30 00:00:00,0.289,-0.0,0,0,19.88,0
2025-09-30 01:00:00,0.113,-0.0,0,0,20.45,0
2025-09-30 02:00:00,0.386,-0.0,0,0,20.97,0
2025-09-30 03:00:00,0.263,-0.0,0,0,22.58,0
2025-09-30 04:00:00,0.246,-0.0,0,0,23.78,0
2025-09-30 05:00:00,0.457,-0.0,0,0,24.65,0
2025-09-30 06:00:00,0.4,0.0,0,0,24.75,0
2025-09-30 07:00:00,0.305,3.61,0,0,24.31,2406
2025-09-30 08:00:00,0.301,6.524,0,0,25.22,4349
2025-09-30 09:00:00,1.596,9.259,1,3,24.91,6172
2025-09-30 10:00:00,1.366,12.648,1,3,25.25,8432
2025-09-30 11:00:00,1.706,11.545,1,3,24.64,7696
2025-09-30 12:00:00,1.358,14.728,1,4,23.41,9818
2025-09-30 13:00:00,1.191,12.758,0,0,21.94,8505
2025-09-30 14:00:00,1.3,9.828,1,2,21.36,6552
2025-09-30 15:00:00,0.953,7.864,0,0,20.68,5242
2025-09-30 16:00:00,1.191,6.593,1,2,20.15,4395
2025-09-30 17:00:00,1.45,3.629,1,3,20.01,2419
2025-09-30 18:00:00,0.945,0.0,0,0,19.91,0
2025-09-30 19:00:00,0.484,-0.0,0,0,19.02,0
2025-09-30 20:00:00,0.37,-0.0,0,0,19.0,0
2025-09-30 21:00:00,0.383,-0.0,0,0,19.22,0
2025-09-30 22:00:00,0.331,-0.0,0,0,19.02,0
2025-09-30 23:00:00,0.38,-0.0,0,0,19.18,0
2025-10-01 00:00:00,0.287,-0.0,0,0,19.16,0
2025-10-01 01:00:00,0.058,-0.0,0,0,20.74,0
2025-10-01 02:00:00,0.113,-0.0,0,0,22.46,0
2025-10-01 03:00:00,0.375,-0.0,0,0,22.3,0
2025-10-01 04:00:00,0.322,-0.0,0,0,23.39,0
2025-10-01 05:00:00,0.308,-0.0,0,0,24.57,0
2025-10-01 06:00:00,0.494,0.0,0,0,25.08,0
2025-10-01 07:00:00,0.512,3.75,0,0,24.08,2499
2025-10-01 08:00:00,0.435,4.985,0,0,25.83,3323
2025-10-01 09:00:00,1.298,8.204,1,2,25.82,5469
2025-10-01 10:00:00,1.663,12.386,1,4,23.7,8257
2025-10-01 11:00:00,1.505,10.943,1,4,23.46,7295
2025-10-01 12:00:00,1.528,14.465,1,3,24.44,9643
2025-10-01 13:00:00,1.233,13.848,1,3,22.65,9231
2025-10-01 14:00:00,1.848,11.232,1,5,20.21,7488
2025-10-01 15:00:00,1.321,5.515,1,2,20.1,3676
2025-10-01 16:00:00,1.287,6.89,1,2,20.31,4593
2025-10-01 17:00:00,1.52,2.602,1,3,18.97,1734
2025-10-01 18:00:00,1.15,0.0,0,0,19.11,0
2025-10-01 19:00:00,0.473,-0.0,0,0,19.19,0
2025-10-01 20:00:00,0.136,-0.0,0,0,20.26,0
2025-10-01 21:00:00,0.211,-0.0,0,0,18.98,0
2025-10-01 22:00:00,0.3,-0.0,0,0,20.39,0
2025-10-01 23:00:00,0.39,-0.0,0,0,21.17,0
2025-10-02 00:00:00,0.612,-0.0,1,2,21.81,0
2025-10-02 01:00:00,0.176,-0.0,0,0,21.63,0
2025-10-02 02:00:00,0.747,-0.0,1,3,20.61,0
2025-10-02 03:00:00,2.169,-0.0,0,0,23.33,0
2025-10-02 04:00:00,0.25,-0.0,0,0,24.52,0
2025-10-02 05:00:00,0.154,-0.0,0,0,24.23,0
2025-10-02 06:00:00,0.402,0.0,0,0,26.16,0
2025-10-02 07:00:00,0.491,3.556,1,1,25.74,2370
2025-10-02 08:00:00,0.378,5.833,0,0,25.59,3888
2025-10-02 09:00:00,1.52,7.962,1,2,25.89,5308
2025-10-02 10:00:00,1.251,11.828,1,2,24.97,7885
2025-10-02 11:00:00,2.079,13.106,1,5,22.23,8737
2025-10-02 12:00:00,1.513,10.666,1,3,23.19,7110
2025-10-02 13:00:00,1.476,13.274,1,3,23.82,8849
2025-10-02 14:00:00,1.322,10.214,1,3,21.45,6809
2025-10-02 15:00:00,1.949,7.308,1,6,21.14,4871
2025-10-02 16:00:00,1.488,7.018,1,4,19.77,4678
2025-10-02 17:00:00,1.716,3.502,1,5,21.43,2334
2025-10-02 18:00:00,1.257,0.0,0,0,20.89,0
2025-10-02 19:00:00,0.34,-0.0,0,0,18.56,0
2025-10-02 20:00:00,0.495,-0.0,0,0,19.31,0
2025-10-02 21:00:00,0.28,-0.0,0,0,18.77,0
2025-10-02 22:00:00,0.371,-0.0,0,0,20.13,0
2025-10-02 23:00:00,0.6,-0.0,0,0,20.54,0
2025-10-03 00:00:00,0.175,-0.0,0,0,21.41,0
2025-10-03 01:00:00,0.48,-0.0,0,0,21.77,0
2025-10-03 02:00:00,0.393,-0.0,0,0,24.63,0
2025-10-03 03:00:00,0.218,-0.0,0,0,22.24,0
2025-10-03 04:00:00,0.819,-0.0,1,3,22.41,0
2025-10-03 05:00:00,0.437,-0.0,0,0,24.08,0
2025-10-03 06:00:00,0.537,0.0,0,0,23.61,0
2025-10-03 07:00:00,0.279,3.393,0,0,23.95,2262
2025-10-03 08:00:00,0.385,6.868,0,0,24.43,4578
2025-10-03 09:00:00,1.483,9.2,1,3,24.38,6133
2025-10-03 10:00:00,1.037,12.057,0,0,24.04,8038
2025-10-03 11:00:00,1.572,12.204,1,3,24.73,8135
2025-10-03 12:00:00,1.327,13.098,1,2,23.28,8732
2025-10-03 13:00:00,0.977,12.063,1,1,22.82,8041
2025-10-03 14:00:00,1.471,10.982,1,3,22.9,7321
2025-10-03 15:00:00,1.188,8.184,1,1,20.8,5456
2025-10-03 16:00:00,1.624,6.266,1,4,20.49,4177
2025-10-03 17:00:00,1.531,3.099,1,3,20.39,2066
2025-10-03 18:00:00,1.05,0.0,0,0,18.09,0
2025-10-03 19:00:00,0.407,-0.0,0,0,17.45,0
2025-10-03 20:00:00,0.348,-0.0,0,0,19.56,0
2025-10-03 21:00:00,0.165,-0.0,0,0,19.8,0
2025-10-03 22:00:00,0.427,-0.0,0,0,21.38,0
2025-10-03 23:00:00,0.412,-0.0,0,0,20.35,0
2025-10-04 00:00:00,0.283,-0.0,0,0,21.51,0
2025-10-04 01:00:00,0.11,-0.0,0,0,21.43,0
2025-10-04 02:00:00,0.145,-0.0,0,0,22.61,0
2025-10-04 03:00:00,0.441,-0.0,0,0,24.48,0
2025-10-04 04:00:00,0.289,-0.0,0,0,22.17,0
2025-10-04 05:00:00,0.416,-0.0,0,0,24.81,0
2025-10-04 06:00:00,0.527,0.0,0,0,26.66,0
2025-10-04 07:00:00,0.501,3.706,0,0,25.46,2470
2025-10-04 08:00:00,0.629,5.158,0,0,26.64,3438
2025-10-04 09:00:00,0.407,9.506,0,0,24.7,6337
2025-10-04 10:00:00,0.474,10.619,0,0,24.86,7079
2025-10-04 11:00:00,0.386,13.303,0,0,24.43,8868
2025-10-04 12:00:00,0.348,14.732,0,0,22.0,9821
2025-10-04 13:00:00,0.35,13.4,0,0,22.11,8933
2025-10-04 14:00:00,0.402,11.276,0,0,21.39,7517
2025-10-04 15:00:00,0.307,10.254,0,0,22.16,6836
2025-10-04 16:00:00,0.507,4.523,0,0,21.48,3015
2025-10-04 17:00:00,0.244,3.277,0,0,20.44,2184
2025-10-04 18:00:00,0.328,0.0,0,0,20.38,0
2025-10-04 19:00:00,0.299,-0.0,0,0,19.31,0
2025-10-04 20:00:00,0.53,-0.0,0,0,20.32,0
2025-10-04 21:00:00,0.388,-0.0,0,0,19.49,0
2025-10-04 22:00:00,0.499,-0.0,0,0,19.85,0
2025-10-04 23:00:00,0.209,-0.0,0,0,20.09,0
2025-10-05 00:00:00,0.282,-0.0,0,0,21.48,0
2025-10-05 01:00:00,0.37,-0.0,0,0,21.33,0
2025-10-05 02:00:00,0.289,-0.0,0,0,23.23,0
2025-10-05 03:00:00,0.413,-0.0,0,0,22.32,0
2025-10-05 04:00:00,0.233,-0.0,0,0,23.06,0
2025-10-05 05:00:00,0.51,-0.0,0,0,25.11,0
2025-10-05 06:00:00,1.065,0.0,1,2,24.95,0
2025-10-05 07:00:00,0.444,3.606,0,0,24.94,2404
2025-10-05 08:00:00,0.452,6.55,0,0,26.11,4366
2025-10-05 09:00:00,1.246,7.834,1,4,24.79,5222
2025-10-05 10:00:00,0.651,10.303,0,0,24.8,6868
2025-10-05 11:00:00,0.402,12.544,0,0,25.59,8362
2025-10-05 12:00:00,0.391,11.469,0,0,25.07,7646
2025-10-05 13:00:00,0.381,12.982,0,0,24.37,8654
2025-10-05 14:00:00,0.214,11.624,0,0,22.11,7749
2025-10-05 15:00:00,0.254,9.653,0,0,22.55,6435
2025-10-05 16:00:00,0.386,6.025,1,1,20.09,4016
2025-10-05 17:00:00,0.26,3.493,0,0,19.52,2328
2025-10-05 18:00:00,0.346,0.0,0,0,17.91,0
2025-10-05 19:00:00,0.38,-0.0,0,0,20.84,0
2025-10-05 20:00:00,0.543,-0.0,0,0,18.73,0
2025-10-05 21:00:00,0.245,-0.0,0,0,19.45,0
2025-10-05 22:00:00,0.493,-0.0,0,0,19.14,0
2025-10-05 23:00:00,0.361,-0.0,0,0,20.92,0
2025-10-06 00:00:00,0.244,-0.0,0,0,20.69,0
2025-10-06 01:00:00,0.344,-0.0,0,0,20.68,0
2025-10-06 02:00:00,0.14,-0.0,0,0,22.86,0
2025-10-06 03:00:00,0.481,-0.0,1,1,22.14,0
2025-10-06 04:00:00,0.32,-0.0,0,0,23.33,0
2025-10-06 05:00:00,0.357,-0.0,0,0,22.93,0
2025-10-06 06:00:00,0.503,0.0,0,0,23.94,0
2025-10-06 07:00:00,0.793,3.542,0,0,25.51,2361
2025-10-06 08:00:00,0.984,6.511,1,4,23.88,4340
2025-10-06 09:00:00,1.895,8.614,1,6,24.15,5742
2025-10-06 10:00:00,1.59,12.423,1,4,25.01,8281
2025-10-06 11:00:00,1.118,12.326,1,1,24.09,8217
2025-10-06 12:00:00,1.123,9.473,1,1,25.49,6315
2025-10-06 13:00:00,1.612,7.636,1,3,24.63,5090
2025-10-06 14:00:00,1.595,10.583,1,3,21.7,7055
2025-10-06 15:00:00,1.346,10.128,1,3,22.06,6752
2025-10-06 16:00:00,1.457,5.909,1,4,21.5,3939
2025-10-06 17:00:00,1.008,3.725,0,0,19.82,2483
2025-10-06 18:00:00,0.884,0.0,0,0,18.64,0
2025-10-06 19:00:00,1.028,-0.0,1,4,19.54,0
2025-10-06 20:00:00,0.381,-0.0,0,0,19.33,0
2025-10-06 21:00:00,0.183,-0.0,0,0,19.24,0
2025-10-06 22:00:00,0.561,-0.0,0,0,20.26,0
2025-10-06 23:00:00,0.603,-0.0,0,0,19.8,0
2025-10-07 00:00:00,0.176,-0.0,0,0,20.12,0
2025-10-07 01:00:00,0.216,-0.0,0,0,21.86,0
2025-10-07 02:00:00,0.309,-0.0,0,0,22.86,0
2025-10-07 03:00:00,0.325,-0.0,0,0,22.38,0
2025-10-07 04:00:00,0.408,-0.0,0,0,24.78,0
2025-10-07 05:00:00,0.544,-0.0,0,0,23.24,0
2025-10-07 06:00:00,0.462,0.0,0,0,24.65,0
2025-10-07 07:00:00,0.396,3.054,0,0,25.19,2036
2025-10-07 08:00:00,0.317,6.357,0,0,24.98,4237
2025-10-07 09:00:00,0.986,9.404,0,0,24.91,6269
2025-10-07 10:00:00,1.092,10.899,0,0,26.55,7265
2025-10-07 11:00:00,1.996,12.234,1,5,23.88,8156
2025-10-07 12:00:00,0.995,10.279,0,0,25.88,6852
2025-10-07 13:00:00,1.175,9.883,1,1,23.55,6588
2025-10-07 14:00:00,0.973,8.958,0,0,22.49,5971
2025-10-07 15:00:00,1.707,7.077,1,4,22.03,4718
2025-10-07 16:00:00,1.71,5.935,1,3,22.96,3956
2025-10-07 17:00:00,1.188,3.483,1,2,19.53,2321
2025-10-07 18:00:00,0.891,0.0,0,0,18.96,0
2025-10-07 19:00:00,0.477,-0.0,0,0,18.98,0
2025-10-07 20:00:00,0.439,-0.0,0,0,19.52,0
2025-10-07 21:00:00,0.586,-0.0,0,0,18.24,0
2025-10-07 22:00:00,0.445,-0.0,0,0,19.95,0
2025-10-07 23:00:00,0.344,-0.0,0,0,21.78,0
2025-10-08 00:00:00,0.321,-0.0,0,0,21.18,0
2025-10-08 01:00:00,0.396,-0.0,0,0,21.56,0
2025-10-08 02:00:00,0.373,-0.0,0,0,22.07,0
2025-10-08 03:00:00,0.367,-0.0,0,0,24.06,0
2025-10-08 04:00:00,0.429,-0.0,0,0,23.4,0
2025-10-08 05:00:00,0.502,-0.0,0,0,26.15,0
2025-10-08 06:00:00,0.689,0.0,0,0,26.68,0
2025-10-08 07:00:00,0.579,3.103,0,0,25.62,2068
2025-10-08 08:00:00,0.473,6.563,0,0,25.49,4375
2025-10-08 09:00:00,1.567,7.99,1,3,26.2,5326
2025-10-08 10:00:00,1.529,11.884,1,2,25.94,7922
2025-10-08 11:00:00,1.233,13.603,1,2,23.93,9068
2025-10-08 12:00:00,1.805,10.431,1,5,23.52,6954
2025-10-08 13:00:00,1.39,10.699,1,3,22.15,7132
2025-10-08 14:00:00,1.128,9.086,1,1,22.76,6057
2025-10-08 15:00:00,1.718,6.625,1,4,22.19,4416
2025-10-08 16:00:00,1.28,6.921,1,2,19.86,4614
2025-10-08 17:00:00,0.957,3.035,0,0,19.96,2023
2025-10-08 18:00:00,0.787,0.0,0,0,18.79,0
2025-10-08 19:00:00,0.441,-0.0,0,0,18.86,0
2025-10-08 20:00:00,0.434,-0.0,0,0,19.94,0
2025-10-08 21:00:00,0.624,-0.0,0,0,19.03,0
2025-10-08 22:00:00,0.338,-0.0,0,0,19.7,0
2025-10-08 23:00:00,0.413,-0.0,0,0,19.13,0
2025-10-09 00:00:00,0.28,-0.0,0,0,21.21,0
2025-10-09 01:00:00,0.452,-0.0,0,0,21.75,0
2025-10-09 02:00:00,0.264,-0.0,0,0,21.98,0
2025-10-09 03:00:00,0.323,-0.0,0,0,23.19,0
2025-10-09 04:00:00,0.84,-0.0,1,3,24.2,0
2025-10-09 05:00:00,0.341,-0.0,0,0,24.01,0
2025-10-09 06:00:00,0.415,0.0,0,0,23.95,0
2025-10-09 07:00:00,0.549,3.295,0,0,26.85,2196
2025-10-09 08:00:00,1.062,5.88,1,3,24.98,3920
2025-10-09 09:00:00,1.858,8.083,1,6,25.29,5388
2025-10-09 10:00:00,1.098,11.293,0,0,25.86,7528
2025-10-09 11:00:00,1.767,12.122,1,5,27.38,8081
2025-10-09 12:00:00,1.593,14.283,1,3,22.93,9521
2025-10-09 13:00:00,1.265,11.749,1,3,23.56,7832
2025-10-09 14:00:00,0.908,12.077,0,0,21.85,8051
2025-10-09 15:00:00,1.46,7.848,1,3,21.21,5232
2025-10-09 16:00:00,1.145,6.288,0,0,20.35,4191
2025-10-09 17:00:00,0.944,2.891,0,0,19.41,1927
2025-10-09 18:00:00,0.883,0.0,0,0,19.82,0
2025-10-09 19:00:00,0.577,-0.0,0,0,18.39,0
2025-10-09 20:00:00,0.183,-0.0,0,0,20.24,0
2025-10-09 21:00:00,0.101,-0.0,0,0,19.64,0
2025-10-09 22:00:00,0.428,-0.0,0,0,20.25,0
2025-10-09 23:00:00,0.327,-0.0,0,0,20.03,0
2025-10-10 00:00:00,0.127,-0.0,0,0,20.74,0
2025-10-10 01:00:00,0.348,-0.0,0,0,22.0,0
2025-10-10 02:00:00,0.304,-0.0,0,0,21.61,0
2025-10-10 03:00:00,0.218,-0.0,0,0,23.03,0
2025-10-10 04:00:00,0.147,-0.0,0,0,23.34,0
2025-10-10 05:00:00,0.422,-0.0,0,0,23.93,0
2025-10-10 06:00:00,0.536,0.0,0,0,23.41,0
2025-10-10 07:00:00,0.505,3.283,0,0,26.45,2188
2025-10-10 08:00:00,0.703,6.404,0,0,24.91,4269
2025-10-10 09:00:00,0.972,7.637,0,0,26.27,5091
2025-10-10 10:00:00,1.049,12.157,1,1,25.88,8104
2025-10-10 11:00:00,1.09,12.862,1,1,23.5,8574
2025-10-10 12:00:00,1.745,13.03,1,5,23.02,8686
2025-10-10 13:00:00,1.36,9.526,1,2,25.21,6350
2025-10-10 14:00:00,1.562,10.744,1,4,23.78,7162
2025-10-10 15:00:00,1.157,9.116,1,1,21.58,6077
2025-10-10 16:00:00,0.957,7.138,1,1,21.09,4758
2025-10-10 17:00:00,1.875,3.483,1,5,19.77,2322
2025-10-10 18:00:00,0.94,0.0,0,0,20.16,0
2025-10-10 19:00:00,0.486,-0.0,0,0,18.95,0
2025-10-10 20:00:00,0.398,-0.0,0,0,17.82,0
2025-10-10 21:00:00,0.719,-0.0,1,2,18.5,0
2025-10-10 22:00:00,0.593,-0.0,1,1,19.89,0
2025-10-10 23:00:00,0.441,-0.0,0,0,19.46,0
2025-10-11 00:00:00,0.327,-0.0,0,0,20.94,0
2025-10-11 01:00:00,0.422,-0.0,0,0,20.86,0
2025-10-11 02:00:00,0.299,-0.0,0,0,21.87,0
2025-10-11 03:00:00,0.39,-0.0,0,0,23.95,0
2025-10-11 04:00:00,0.306,-0.0,0,0,24.18,0
2025-10-11 05:00:00,0.503,-0.0,0,0,24.58,0
2025-10-11 06:00:00,0.424,0.0,0,0,25.76,0
2025-10-11 07:00:00,0.719,2.7,0,0,25.72,1800
2025-10-11 08:00:00,0.51,7.091,0,0,26.57,4727
2025-10-11 09:00:00,0.752,7.264,1,3,24.92,4842
2025-10-11 10:00:00,2.185,10.673,0,0,24.63,7115
2025-10-11 11:00:00,0.34,12.146,0,0,23.44,8097
2025-10-11 12:00:00,0.511,10.795,0,0,23.5,7196
2025-10-11 13:00:00,0.326,10.135,0,0,23.88,6756
2025-10-11 14:00:00,0.329,11.33,0,0,23.37,7553
2025-10-11 15:00:00,0.138,8.293,0,0,22.32,5528
2025-10-11 16:00:00,0.302,6.37,0,0,19.4,4246
2025-10-11 17:00:00,0.811,3.633,1,5,21.09,2422
2025-10-11 18:00:00,0.16,0.0,0,0,18.29,0
2025-10-11 19:00:00,0.443,-0.0,0,0,20.19,0
2025-10-11 20:00:00,0.451,-0.0,0,0,19.09,0
2025-10-11 21:00:00,0.416,-0.0,0,0,20.06,0
2025-10-11 22:00:00,0.259,-0.0,0,0,18.75,0
2025-10-11 23:00:00,0.381,-0.0,0,0,21.24,0
2025-10-12 00:00:00,0.25,-0.0,0,0,19.76,0
2025-10-12 01:00:00,0.124,-0.0,0,0,21.13,0
2025-10-12 02:00:00,0.455,-0.0,0,0,21.64,0
2025-10-12 03:00:00,0.391,-0.0,0,0,21.8,0
2025-10-12 04:00:00,0.287,-0.0,0,0,24.0,0
2025-10-12 05:00:00,0.361,-0.0,0,0,25.97,0
2025-10-12 06:00:00,0.557,0.0,0,0,27.12,0
2025-10-12 07:00:00,0.25,2.58,0,0,25.34,1720
2025-10-12 08:00:00,0.478,6.189,0,0,26.24,4126
2025-10-12 09:00:00,0.402,9.534,0,0,25.41,6356
2025-10-12 10:00:00,0.351,10.69,0,0,25.3,7126
2025-10-12 11:00:00,0.402,14.13,0,0,24.13,9420
2025-10-12 12:00:00,0.634,13.082,0,0,23.93,8721
2025-10-12 13:00:00,1.223,11.288,1,5,23.47,7525
2025-10-12 14:00:00,0.756,11.755,1,3,21.79,7836
2025-10-12 15:00:00,0.433,7.087,0,0,21.42,4724
2025-10-12 16:00:00,0.525,6.984,0,0,20.71,4656
2025-10-12 17:00:00,0.463,2.969,0,0,20.81,1979
2025-10-12 18:00:00,0.357,0.0,0,0,18.83,0
2025-10-12 19:00:00,0.274,-0.0,0,0,19.35,0
2025-10-12 20:00:00,0.44,-0.0,0,0,20.84,0
2025-10-12 21:00:00,0.412,-0.0,0,0,20.36,0
2025-10-12 22:00:00,0.482,-0.0,0,0,20.82,0
2025-10-12 23:00:00,0.463,-0.0,0,0,20.25,0
2025-10-13 00:00:00,0.376,-0.0,0,0,21.11,0
2025-10-13 01:00:00,0.199,-0.0,0,0,22.38,0
2025-10-13 02:00:00,0.445,-0.0,0,0,23.61,0
2025-10-13 03:00:00,0.309,-0.0,0,0,21.57,0
2025-10-13 04:00:00,0.542,-0.0,0,0,22.79,0
2025-10-13 05:00:00,0.265,-0.0,0,0,25.49,0
2025-10-13 06:00:00,0.692,0.0,0,0,24.68,0
2025-10-13 07:00:00,0.505,3.653,0,0,24.65,2435
2025-10-13 08:00:00,0.39,7.271,0,0,24.26,4847
2025-10-13 09:00:00,1.161,10.036,1,1,24.7,6690
2025-10-13 10:00:00,1.601,11.613,1,4,23.7,7742
2025-10-13 11:00:00,1.424,12.588,1,2,26.0,8392
2025-10-13 12:00:00,1.376,13.279,1,2,23.67,8852
2025-10-13 13:00:00,1.218,10.271,1,2,22.91,6847
2025-10-13 14:00:00,1.722,10.082,1,5,22.64,6721
2025-10-13 15:00:00,1.822,7.047,1,4,22.16,4697
2025-10-13 16:00:00,1.314,6.697,1,1,21.43,4464
2025-10-13 17:00:00,1.004,3.04,0,0,20.92,2026
2025-10-13 18:00:00,0.955,0.0,0,0,19.09,0
2025-10-13 19:00:00,0.366,-0.0,0,0,19.07,0
2025-10-13 20:00:00,0.43,-0.0,0,0,19.84,0
2025-10-13 21:00:00,0.242,-0.0,0,0,18.91,0
2025-10-13 22:00:00,0.344,-0.0,0,0,19.65,0
2025-10-13 23:00:00,0.187,-0.0,0,0,20.46,0
2025-10-14 00:00:00,0.298,-0.0,0,0,21.39,0
2025-10-14 01:00:00,0.341,-0.0,0,0,20.07,0
2025-10-14 02:00:00,0.217,-0.0,0,0,22.84,0
2025-10-14 03:00:00,0.474,-0.0,0,0,22.85,0
2025-10-14 04:00:00,0.172,-0.0,0,0,24.31,0
2025-10-14 05:00:00,0.162,-0.0,0,0,24.98,0
2025-10-14 06:00:00,0.539,0.0,0,0,26.1,0
2025-10-14 07:00:00,1.237,3.003,1,4,26.17,2001
2025-10-14 08:00:00,0.71,4.847,0,0,26.25,3231
2025-10-14 09:00:00,1.494,7.587,1,3,26.2,5057
2025-10-14 10:00:00,1.644,9.888,1,3,24.96,6592
2025-10-14 11:00:00,1.483,10.801,1,3,24.26,7200
2025-10-14 12:00:00,1.305,12.812,1,2,24.29,8541
2025-10-14 13:00:00,1.852,10.972,1,5,23.44,7314
2025-10-14 14:00:00,1.053,11.525,0,0,21.83,7683
2025-10-14 15:00:00,1.075,9.182,1,2,21.62,6121
2025-10-14 16:00:00,1.584,5.82,1,3,20.55,3879
2025-10-14 17:00:00,1.567,3.337,1,3,19.28,2224
2025-10-14 18:00:00,0.875,0.0,0,0,20.53,0
2025-10-14 19:00:00,0.549,-0.0,1,1,19.25,0
2025-10-14 20:00:00,0.416,-0.0,0,0,20.76,0
2025-10-14 21:00:00,0.396,-0.0,0,0,17.94,0
2025-10-14 22:00:00,0.309,-0.0,0,0,19.11,0
2025-10-14 23:00:00,0.306,-0.0,0,0,20.06,0
2025-10-15 00:00:00,0.247,-0.0,0,0,21.58,0
2025-10-15 01:00:00,0.404,-0.0,0,0,21.71,0
2025-10-15 02:00:00,0.34,-0.0,0,0,22.41,0
2025-10-15 03:00:00,0.241,-0.0,0,0,22.03,0
2025-10-15 04:00:00,0.386,-0.0,0,0,22.72,0
2025-10-15 05:00:00,0.05,-0.0,0,0,24.51,0
2025-10-15 06:00:00,0.6,0.0,0,0,23.62,0
2025-10-15 07:00:00,0.271,2.626,0,0,24.56,1750
2025-10-15 08:00:00,0.449,4.755,0,0,25.47,3169
2025-10-15 09:00:00,0.924,9.154,0,0,24.16,6102
2025-10-15 10:00:00,1.228,12.398,1,2,25.91,8265
2025-10-15 11:00:00,1.194,12.118,0,0,25.11,8078
2025-10-15 12:00:00,1.394,14.128,1,3,22.23,9418
2025-10-15 13:00:00,3.68,12.248,1,3,22.01,8165
2025-10-15 14:00:00,1.269,10.706,1,2,20.14,7137
2025-10-15 15:00:00,1.472,9.583,1,3,20.57,6388
2025-10-15 16:00:00,1.116,5.959,1,1,21.09,3972
2025-10-15 17:00:00,1.098,3.049,1,2,19.53,2032
2025-10-15 18:00:00,1.07,0.0,0,0,19.76,0
2025-10-15 19:00:00,0.292,-0.0,0,0,17.89,0
2025-10-15 20:00:00,0.17,-0.0,0,0,19.66,0
2025-10-15 21:00:00,0.313,-0.0,0,0,18.69,0
2025-10-15 22:00:00,0.555,-0.0,0,0,19.46,0
2025-10-15 23:00:00,0.939,-0.0,1,3,19.86,0
2025-10-16 00:00:00,0.208,-0.0,0,0,19.54,0
2025-10-16 01:00:00,0.221,-0.0,0,0,20.37,0
2025-10-16 02:00:00,0.236,-0.0,0,0,22.84,0
2025-10-16 03:00:00,0.538,-0.0,0,0,23.15,0
2025-10-16 04:00:00,0.367,-0.0,0,0,24.38,0
2025-10-16 05:00:00,0.378,-0.0,0,0,24.41,0
2025-10-16 06:00:00,0.608,0.0,0,0,24.72,0
2025-10-16 07:00:00,0.487,3.37,0,0,23.5,2246
2025-10-16 08:00:00,0.447,5.091,0,0,24.75,3393
2025-10-16 09:00:00,1.048,9.726,0,0,24.82,6484
2025-10-16 10:00:00,1.378,11.565,1,2,26.08,7709
2025-10-16 11:00:00,1.64,13.979,1,4,24.57,9319
2025-10-16 12:00:00,1.72,12.074,1,4,24.61,8049
2025-10-16 13:00:00,1.296,12.846,1,2,23.13,8564
2025-10-16 14:00:00,1.063,10.347,0,0,21.3,6898
2025-10-16 15:00:00,1.555,9.036,1,4,21.18,6024
2025-10-16 16:00:00,1.266,5.76,1,2,20.56,3840
2025-10-16 17:00:00,0.862,2.854,1,1,19.0,1902
2025-10-16 18:00:00,1.06,0.0,0,0,18.98,0
2025-10-16 19:00:00,0.393,-0.0,0,0,18.84,0
2025-10-16 20:00:00,0.476,-0.0,0,0,20.2,0
2025-10-16 21:00:00,0.05,-0.0,0,0,17.37,0
2025-10-16 22:00:00,0.626,-0.0,0,0,20.31,0
2025-10-16 23:00:00,0.37,-0.0,0,0,19.08,0
2025-10-17 00:00:00,0.383,-0.0,0,0,19.36,0
2025-10-17 01:00:00,0.138,-0.0,0,0,22.13,0
2025-10-17 02:00:00,0.349,-0.0,0,0,22.54,0
2025-10-17 03:00:00,0.174,-0.0,0,0,23.73,0
2025-10-17 04:00:00,0.24,-0.0,0,0,24.08,0
2025-10-17 05:00:00,0.582,-0.0,0,0,25.69,0
2025-10-17 06:00:00,0.466,0.0,0,0,24.95,0
2025-10-17 07:00:00,0.508,3.741,0,0,24.66,2493
2025-10-17 08:00:00,0.59,5.504,0,0,25.14,3669
2025-10-17 09:00:00,1.599,8.97,1,3,25.73,5980
2025-10-17 10:00:00,1.509,12.316,1,3,23.79,8210
2025-10-17 11:00:00,1.515,12.885,1,3,23.4,8590
2025-10-17 12:00:00,1.739,12.407,1,3,23.04,8271
2025-10-17 13:00:00,1.58,11.386,1,4,20.87,7590
2025-10-17 14:00:00,1.299,10.824,1,2,21.88,7215
2025-10-17 15:00:00,1.091,8.192,0,0,19.48,5461
2025-10-17 16:00:00,1.539,6.049,1,3,20.31,4032
2025-10-17 17:00:00,1.694,2.609,1,4,20.35,1739
2025-10-17 18:00:00,1.027,0.0,0,0,18.81,0
2025-10-17 19:00:00,0.215,-0.0,0,0,20.24,0
2025-10-17 20:00:00,0.553,-0.0,0,0,17.65,0
2025-10-17 21:00:00,0.227,-0.0,0,0,19.88,0
2025-10-17 22:00:00,0.411,-0.0,0,0,19.78,0
2025-10-17 23:00:00,0.297,-0.0,0,0,18.36,0
2025-10-18 00:00:00,0.242,-0.0,0,0,22.53,0
2025-10-18 01:00:00,0.302,-0.0,0,0,21.03,0
2025-10-18 02:00:00,0.314,-0.0,0,0,21.16,0
2025-10-18 03:00:00,0.336,-0.0,0,0,21.5,0
2025-10-18 04:00:00,0.49,-0.0,0,0,23.17,0
2025-10-18 05:00:00,0.37,-0.0,0,0,23.85,0
2025-10-18 06:00:00,0.45,0.0,0,0,24.49,0
2025-10-18 07:00:00,0.593,2.924,0,0,24.45,1949
2025-10-18 08:00:00,0.631,6.076,0,0,25.27,4050
2025-10-18 09:00:00,0.315,10.063,0,0,24.33,6708
2025-10-18 10:00:00,0.497,9.958,0,0,22.77,6638
2025-10-18 11:00:00,0.511,11.631,0,0,23.7,7753
2025-10-18 12:00:00,0.364,13.281,0,0,21.29,8854
2025-10-18 13:00:00,0.552,10.303,0,0,22.74,6868
2025-10-18 14:00:00,0.357,11.546,0,0,20.89,7697
2025-10-18 15:00:00,0.38,9.352,0,0,21.02,6234
2025-10-18 16:00:00,0.336,6.059,0,0,21.23,4039
2025-10-18 17:00:00,0.354,3.071,0,0,18.8,2047
2025-10-18 18:00:00,0.218,0.0,0,0,19.94,0
2025-10-18 19:00:00,0.479,-0.0,1,2,18.46,0
2025-10-18 20:00:00,0.548,-0.0,0,0,20.12,0
2025-10-18 21:00:00,0.263,-0.0,0,0,18.55,0
2025-10-18 22:00:00,0.256,-0.0,0,0,18.48,0
2025-10-18 23:00:00,0.129,-0.0,0,0,20.19,0
2025-10-19 00:00:00,0.173,-0.0,0,0,19.92,0
2025-10-19 01:00:00,0.104,-0.0,0,0,20.32,0
2025-10-19 02:00:00,0.472,-0.0,0,0,21.39,0
2025-10-19 03:00:00,0.407,-0.0,0,0,22.5,0
2025-10-19 04:00:00,0.237,-0.0,0,0,24.33,0
2025-10-19 05:00:00,0.569,-0.0,0,0,22.31,0
2025-10-19 06:00:00,0.595,0.0,0,0,24.34,0
2025-10-19 07:00:00,0.451,3.646,0,0,25.1,2430
2025-10-19 08:00:00,0.18,6.816,0,0,24.83,4543
2025-10-19 09:00:00,0.762,8.627,0,0,25.6,5751
2025-10-19 10:00:00,0.282,11.214,0,0,24.17,7475
2025-10-19 11:00:00,0.227,10.621,0,0,23.59,7080
2025-10-19 12:00:00,0.534,13.069,0,0,23.58,8712
2025-10-19 13:00:00,0.68,12.93,0,0,22.45,8619
2025-10-19 14:00:00,0.541,12.647,0,0,21.28,8431
2025-10-19 15:00:00,0.432,8.106,0,0,21.22,5403
2025-10-19 16:00:00,0.428,4.931,0,0,19.57,3287
2025-10-19 17:00:00,0.454,3.047,0,0,18.99,2031
2025-10-19 18:00:00,0.441,0.0,0,0,18.59,0
2025-10-19 19:00:00,0.385,-0.0,0,0,19.81,0
2025-10-19 20:00:00,0.369,-0.0,0,0,16.06,0
2025-10-19 21:00:00,0.357,-0.0,0,0,19.08,0
2025-10-19 22:00:00,0.285,-0.0,0,0,19.1,0
2025-10-19 23:00:00,0.353,-0.0,0,0,18.22,0
2025-10-20 00:00:00,0.05,-0.0,0,0,20.44,0
2025-10-20 01:00:00,0.251,-0.0,0,0,21.3,0
2025-10-20 02:00:00,0.156,-0.0,0,0,22.17,0
2025-10-20 03:00:00,0.153,-0.0,0,0,20.34,0
2025-10-20 04:00:00,0.34,-0.0,0,0,24.27,0
2025-10-20 05:00:00,0.469,-0.0,0,0,23.19,0
2025-10-20 06:00:00,0.596,0.0,0,0,24.79,0
2025-10-20 07:00:00,0.302,3.703,0,0,25.12,2468
2025-10-20 08:00:00,0.343,5.956,0,0,23.9,3970
2025-10-20 09:00:00,1.788,9.151,1,4,25.01,6100
2025-10-20 10:00:00,1.524,11.767,1,4,23.85,7844
2025-10-20 11:00:00,1.436,10.767,1,3,22.01,7178
2025-10-20 12:00:00,1.685,14.014,1,4,23.97,9342
2025-10-20 13:00:00,1.021,13.647,1,1,21.68,9097
2025-10-20 14:00:00,1.438,10.986,1,3,20.84,7323
2025-10-20 15:00:00,1.255,8.48,1,3,20.42,5653
2025-10-20 16:00:00,1.635,5.161,1,5,20.24,3440
2025-10-20 17:00:00,1.44,3.53,1,3,19.37,2353
2025-10-20 18:00:00,0.759,0.0,0,0,19.39,0
2025-10-20 19:00:00,0.405,-0.0,0,0,17.59,0
2025-10-20 20:00:00,0.354,-0.0,0,0,17.98,0
2025-10-20 21:00:00,0.431,-0.0,0,0,18.6,0
2025-10-20 22:00:00,0.402,-0.0,0,0,20.53,0
2025-10-20 23:00:00,0.551,-0.0,0,0,19.41,0
2025-10-21 00:00:00,0.265,-0.0,0,0,21.0,0
2025-10-21 01:00:00,0.211,-0.0,0,0,20.89,0
2025-10-21 02:00:00,0.29,-0.0,0,0,21.25,0
2025-10-21 03:00:00,0.351,-0.0,0,0,22.21,0
2025-10-21 04:00:00,0.299,-0.0,0,0,22.98,0
2025-10-21 05:00:00,0.327,-0.0,0,0,24.21,0
2025-10-21 06:00:00,0.861,0.0,1,3,25.29,0
2025-10-21 07:00:00,0.404,2.985,0,0,24.76,1989
2025-10-21 08:00:00,0.325,6.994,0,0,25.5,4662
2025-10-21 09:00:00,1.408,8.046,1,1,23.66,5364
2025-10-21 10:00:00,1.341,9.967,1,3,23.78,6644
2025-10-21 11:00:00,1.531,13.282,1,4,23.04,8854
2025-10-21 12:00:00,1.368,10.607,1,3,23.23,7071
2025-10-21 13:00:00,1.394,12.366,1,2,21.96,8244
2025-10-21 14:00:00,1.24,12.463,1,2,22.05,8308
2025-10-21 15:00:00,1.864,9.48,1,5,19.95,6320
2025-10-21 16:00:00,0.876,6.525,0,0,20.01,4350
2025-10-21 17:00:00,1.285,3.582,1,2,19.91,2388
2025-10-21 18:00:00,0.85,0.0,0,0,17.25,0
2025-10-21 19:00:00,0.609,-0.0,0,0,20.31,0
2025-10-21 20:00:00,0.214,-0.0,0,0,18.3,0
2025-10-21 21:00:00,0.402,-0.0,0,0,17.03,0
2025-10-21 22:00:00,0.451,-0.0,0,0,19.09,0
2025-10-21 23:00:00,0.437,-0.0,0,0,19.48,0
2025-10-22 00:00:00,0.228,-0.0,0,0,20.02,0
2025-10-22 01:00:00,0.247,-0.0,0,0,21.61,0
2025-10-22 02:00:00,0.28,-0.0,0,0,22.19,0
2025-10-22 03:00:00,0.868,-0.0,1,4,22.6,0
2025-10-22 04:00:00,0.418,-0.0,0,0,23.44,0
2025-10-22 05:00:00,0.576,-0.0,0,0,23.61,0
2025-10-22 06:00:00,0.435,0.0,0,0,25.57,0
2025-10-22 07:00:00,0.289,2.476,0,0,23.25,1650
2025-10-22 08:00:00,0.465,5.594,0,0,24.63,3729
2025-10-22 09:00:00,1.824,5.985,1,3,24.44,3990
2025-10-22 10:00:00,1.563,12.172,1,4,24.73,8114
2025-10-22 11:00:00,1.51,13.876,1,2,22.91,9250
2025-10-22 12:00:00,1.201,12.594,0,0,21.55,8395
2025-10-22 13:00:00,1.221,13.437,1,2,22.34,8957
2025-10-22 14:00:00,1.193,10.395,1,1,21.66,6930
2025-10-22 15:00:00,1.61,9.449,1,3,21.86,6299
2025-10-22 16:00:00,1.061,7.16,1,1,18.93,4773
2025-10-22 17:00:00,1.677,3.04,1,5,20.26,2026
2025-10-22 18:00:00,0.88,0.0,0,0,20.77,0
2025-10-22 19:00:00,0.23,-0.0,0,0,18.29,0
2025-10-22 20:00:00,0.279,-0.0,0,0,17.47,0
2025-10-22 21:00:00,0.218,-0.0,0,0,18.3,0
2025-10-22 22:00:00,0.379,-0.0,0,0,18.95,0
2025-10-22 23:00:00,0.745,-0.0,1,3,19.88,0
2025-10-23 00:00:00,0.278,-0.0,0,0,19.59,0
2025-10-23 01:00:00,0.076,-0.0,0,0,22.04,0
2025-10-23 02:00:00,0.315,-0.0,0,0,20.68,0
2025-10-23 03:00:00,0.385,-0.0,0,0,20.95,0
2025-10-23 04:00:00,0.073,-0.0,0,0,23.95,0
2025-10-23 05:00:00,0.343,-0.0,0,0,21.85,0
2025-10-23 06:00:00,0.617,0.0,0,0,23.97,0
2025-10-23 07:00:00,0.381,3.453,0,0,26.91,2302
2025-10-23 08:00:00,0.674,5.407,0,0,24.49,3604
2025-10-23 09:00:00,1.695,9.946,1,4,23.48,6630
2025-10-23 10:00:00,1.261,10.714,1,2,24.02,7142
2025-10-23 11:00:00,1.767,12.708,1,5,23.53,8471
2025-10-23 12:00:00,1.218,9.784,1,1,23.07,6522
2025-10-23 13:00:00,1.896,13.655,1,6,22.74,9103
2025-10-23 14:00:00,1.49,12.119,1,3,20.6,8079
2025-10-23 15:00:00,1.154,9.896,1,2,22.01,6597
2025-10-23 16:00:00,1.277,6.813,1,2,20.14,4542
2025-10-23 17:00:00,1.082,3.396,1,2,19.91,2263
2025-10-23 18:00:00,0.937,0.0,0,0,18.37,0
2025-10-23 19:00:00,0.243,-0.0,0,0,19.61,0
2025-10-23 20:00:00,0.268,-0.0,0,0,18.3,0
2025-10-23 21:00:00,0.513,-0.0,0,0,18.84,0
2025-10-23 22:00:00,0.506,-0.0,0,0,18.19,0
2025-10-23 23:00:00,0.46,-0.0,0,0,18.63,0
2025-10-24 00:00:00,0.119,-0.0,0,0,20.62,0
2025-10-24 01:00:00,0.225,-0.0,0,0,20.44,0
2025-10-24 02:00:00,0.421,-0.0,0,0,20.89,0
2025-10-24 03:00:00,0.302,-0.0,0,0,21.83,0
2025-10-24 04:00:00,0.584,-0.0,0,0,23.62,0
2025-10-24 05:00:00,0.349,-0.0,0,0,23.17,0
2025-10-24 06:00:00,0.494,0.0,0,0,24.04,0
2025-10-24 07:00:00,0.44,2.553,0,0,24.43,1701
2025-10-24 08:00:00,0.459,7.184,0,0,22.97,4789
2025-10-24 09:00:00,1.021,8.973,0,0,23.21,5981
2025-10-24 10:00:00,1.737,11.596,1,4,24.34,7730
2025-10-24 11:00:00,1.728,10.554,1,4,22.99,7036
2025-10-24 12:00:00,1.522,14.316,1,4,23.79,9544
2025-10-24 13:00:00,0.977,12.765,1,1,22.99,8510
2025-10-24 14:00:00,1.055,9.317,1,2,22.02,6211
2025-10-24 15:00:00,1.476,9.368,1,3,22.13,6245
2025-10-24 16:00:00,1.124,6.21,1,2,19.89,4140
2025-10-24 17:00:00,1.443,3.715,1,5,19.86,2476
2025-10-24 18:00:00,0.997,0.0,0,0,18.42,0
2025-10-24 19:00:00,0.651,-0.0,0,0,20.56,0
2025-10-24 20:00:00,0.356,-0.0,0,0,20.11,0
2025-10-24 21:00:00,0.465,-0.0,0,0,18.65,0
2025-10-24 22:00:00,0.385,-0.0,0,0,19.27,0
2025-10-24 23:00:00,0.375,-0.0,0,0,20.54,0
2025-10-25 00:00:00,0.36,-0.0,0,0,19.97,0
2025-10-25 01:00:00,0.228,-0.0,0,0,20.29,0
2025-10-25 02:00:00,0.307,-0.0,0,0,22.3,0
2025-10-25 03:00:00,0.324,-0.0,0,0,22.44,0
2025-10-25 04:00:00,0.218,-0.0,0,0,23.24,0
2025-10-25 05:00:00,1.018,-0.0,1,4,23.04,0
2025-10-25 06:00:00,0.429,0.0,0,0,22.79,0
2025-10-25 07:00:00,0.39,2.938,0,0,24.64,1958
2025-10-25 08:00:00,0.553,7.166,0,0,25.26,4777
2025-10-25 09:00:00,0.352,9.917,0,0,24.24,6611
2025-10-25 10:00:00,0.473,9.726,0,0,25.25,6483
2025-10-25 11:00:00,0.413,12.437,0,0,23.05,8291
2025-10-25 12:00:00,0.53,11.646,0,0,22.14,7763
2025-10-25 13:00:00,0.444,9.788,0,0,22.2,6525
2025-10-25 14:00:00,0.372,9.832,0,0,21.41,6554
2025-10-25 15:00:00,0.463,9.7,0,0,21.32,6466
2025-10-25 16:00:00,0.524,6.318,0,0,19.37,4212
2025-10-25 17:00:00,0.419,2.214,0,0,20.48,1475
2025-10-25 18:00:00,0.351,0.0,0,0,20.5,0
2025-10-25 19:00:00,0.194,-0.0,0,0,18.61,0
2025-10-25 20:00:00,0.229,-0.0,0,0,19.56,0
2025-10-25 21:00:00,0.328,-0.0,0,0,17.84,0
2025-10-25 22:00:00,0.302,-0.0,0,0,19.86,0
2025-10-25 23:00:00,0.365,-0.0,0,0,20.33,0
2025-10-26 00:00:00,0.257,-0.0,0,0,20.82,0
2025-10-26 01:00:00,0.327,-0.0,0,0,20.85,0
2025-10-26 02:00:00,0.267,-0.0,0,0,19.28,0
2025-10-26 03:00:00,0.344,-0.0,0,0,21.9,0
2025-10-26 04:00:00,0.301,-0.0,0,0,22.64,0
2025-10-26 05:00:00,0.061,-0.0,0,0,22.97,0
2025-10-26 06:00:00,0.364,0.0,0,0,24.31,0
2025-10-26 07:00:00,0.454,3.585,0,0,24.16,2390
2025-10-26 08:00:00,0.317,6.767,0,0,23.92,4511
2025-10-26 09:00:00,0.52,8.209,0,0,23.62,5472
2025-10-26 10:00:00,0.62,11.881,0,0,23.58,7920
2025-10-26 11:00:00,0.59,13.604,0,0,24.56,9069
2025-10-26 12:00:00,0.374,12.183,0,0,22.5,8122
2025-10-26 13:00:00,0.566,8.42,0,0,21.89,5613
2025-10-26 14:00:00,0.393,11.653,0,0,21.16,7768
2025-10-26 15:00:00,0.324,8.49,0,0,21.03,5660
2025-10-26 16:00:00,0.283,5.778,0,0,20.41,3851
2025-10-26 17:00:00,0.315,3.498,0,0,17.0,2332
2025-10-26 18:00:00,0.303,0.0,0,0,19.8,0
2025-10-26 19:00:00,0.372,-0.0,0,0,19.85,0
2025-10-26 20:00:00,0.376,-0.0,0,0,17.78,0
2025-10-26 21:00:00,0.365,-0.0,0,0,17.96,0
2025-10-26 22:00:00,0.427,-0.0,0,0,18.7,0
2025-10-26 23:00:00,0.53,-0.0,0,0,18.95,0
2025-10-27 00:00:00,0.364,-0.0,0,0,20.37,0
2025-10-27 01:00:00,0.085,-0.0,0,0,19.37,0
2025-10-27 02:00:00,0.05,-0.0,0,0,20.81,0
2025-10-27 03:00:00,0.412,-0.0,0,0,23.71,0
2025-10-27 04:00:00,0.129,-0.0,0,0,22.46,0
2025-10-27 05:00:00,0.308,-0.0,0,0,24.81,0
2025-10-27 06:00:00,0.341,0.0,0,0,24.56,0
2025-10-27 07:00:00,0.234,3.138,0,0,23.12,2091
2025-10-27 08:00:00,0.551,6.532,0,0,25.16,4354
2025-10-27 09:00:00,1.755,8.84,1,4,24.44,5893
2025-10-27 10:00:00,1.273,11.602,1,2,23.86,7734
2025-10-27 11:00:00,1.171,11.947,1,3,23.93,7964
2025-10-27 12:00:00,1.544,13.918,1,4,23.48,9278
2025-10-27 13:00:00,1.334,11.889,1,2,22.94,7926
2025-10-27 14:00:00,0.948,11.475,1,1,22.54,7650
2025-10-27 15:00:00,1.437,8.408,1,3,21.16,5605
2025-10-27 16:00:00,1.555,6.72,1,4,19.02,4480
2025-10-27 17:00:00,1.471,2.955,1,3,19.13,1970
2025-10-27 18:00:00,0.964,0.0,0,0,21.41,0
2025-10-27 19:00:00,0.385,-0.0,1,1,19.35,0
2025-10-27 20:00:00,0.5,-0.0,0,0,20.59,0
2025-10-27 21:00:00,0.346,-0.0,0,0,19.93,0
2025-10-27 22:00:00,0.372,-0.0,0,0,19.33,0
2025-10-27 23:00:00,0.275,-0.0,0,0,19.87,0
2025-10-28 00:00:00,0.197,-0.0,0,0,20.24,0
2025-10-28 01:00:00,0.157,-0.0,0,0,19.61,0
2025-10-28 02:00:00,0.254,-0.0,0,0,21.8,0
2025-10-28 03:00:00,0.501,-0.0,0,0,23.53,0
2025-10-28 04:00:00,0.129,-0.0,0,0,22.8,0
2025-10-28 05:00:00,0.129,-0.0,0,0,24.22,0
2025-10-28 06:00:00,0.667,0.0,0,0,25.04,0
2025-10-28 07:00:00,0.442,3.307,0,0,23.92,2204
2025-10-28 08:00:00,0.39,6.718,0,0,24.37,4478
2025-10-28 09:00:00,1.176,7.569,0,0,23.8,5045
2025-10-28 10:00:00,1.265,12.422,1,2,23.65,8281
2025-10-28 11:00:00,1.682,12.14,1,3,22.79,8093
2025-10-28 12:00:00,1.231,12.739,1,1,22.47,8492
2025-10-28 13:00:00,1.39,13.986,1,3,23.6,9323
2025-10-28 14:00:00,1.534,10.402,1,2,20.95,6934
2025-10-28 15:00:00,1.492,9.079,1,4,21.02,6052
2025-10-28 16:00:00,1.646,5.795,1,4,19.8,3863
2025-10-28 17:00:00,1.438,3.717,1,3,20.54,2477
2025-10-28 18:00:00,1.106,0.0,0,0,20.19,0
2025-10-28 19:00:00,0.539,-0.0,0,0,19.55,0
2025-10-28 20:00:00,0.361,-0.0,0,0,19.03,0
2025-10-28 21:00:00,0.274,-0.0,0,0,18.72,0
2025-10-28 22:00:00,0.43,-0.0,0,0,18.27,0
2025-10-28 23:00:00,0.306,-0.0,0,0,21.28,0
2025-10-29 00:00:00,0.492,-0.0,0,0,19.75,0
2025-10-29 01:00:00,0.279,-0.0,0,0,21.62,0
2025-10-29 02:00:00,0.231,-0.0,0,0,22.72,0
2025-10-29 03:00:00,0.308,-0.0,0,0,22.21,0
2025-10-29 04:00:00,0.156,-0.0,0,0,24.2,0
2025-10-29 05:00:00,0.214,-0.0,0,0,24.6,0
2025-10-29 06:00:00,0.651,0.0,0,0,25.84,0
2025-10-29 07:00:00,0.397,3.102,0,0,24.36,2068
2025-10-29 08:00:00,0.334,5.891,0,0,23.8,3927
2025-10-29 09:00:00,1.576,9.124,1,3,24.31,6082
2025-10-29 10:00:00,1.949,10.609,1,5,24.57,7072
2025-10-29 11:00:00,1.418,13.98,1,2,23.96,9319
2025-10-29 12:00:00,1.72,13.589,1,4,22.97,9059
2025-10-29 13:00:00,1.346,12.928,1,3,21.03,8618
2025-10-29 14:00:00,1.254,10.53,1,3,22.16,7020
2025-10-29 15:00:00,1.445,9.838,1,2,22.59,6558
2025-10-29 16:00:00,1.518,5.808,1,4,20.67,3872
2025-10-29 17:00:00,1.222,3.381,1,2,20.18,2253
2025-10-29 18:00:00,1.109,0.0,0,0,19.7,0
2025-10-29 19:00:00,0.718,-0.0,1,2,19.28,0
2025-10-29 20:00:00,0.411,-0.0,0,0,19.63,0
2025-10-29 21:00:00,0.624,-0.0,0,0,19.32,0
2025-10-29 22:00:00,0.298,-0.0,0,0,19.08,0
2025-10-29 23:00:00,0.498,-0.0,0,0,19.18,0
2025-10-30 00:00:00,0.257,-0.0,0,0,20.26,0
2025-10-30 01:00:00,0.295,-0.0,0,0,21.44,0
2025-10-30 02:00:00,0.458,-0.0,0,0,21.72,0
2025-10-30 03:00:00,0.346,-0.0,0,0,23.0,0
2025-10-30 04:00:00,0.374,-0.0,0,0,23.83,0
2025-10-30 05:00:00,0.462,-0.0,0,0,24.75,0
2025-10-30 06:00:00,0.458,0.0,0,0,25.58,0
2025-10-30 07:00:00,0.386,3.495,0,0,24.9,2330
2025-10-30 08:00:00,0.336,6.846,0,0,23.88,4564
2025-10-30 09:00:00,1.28,7.766,1,3,24.54,5177
2025-10-30 10:00:00,1.902,12.495,1,4,24.54,8330
2025-10-30 11:00:00,1.331,9.436,1,3,22.55,6290
2025-10-30 12:00:00,1.003,13.139,0,0,24.5,8759
2025-10-30 13:00:00,1.104,10.428,1,1,22.77,6952
2025-10-30 14:00:00,1.312,10.217,1,2,22.19,6811
2025-10-30 15:00:00,1.813,8.765,1,5,22.21,5843
2025-10-30 16:00:00,1.36,5.238,1,2,19.9,3492
2025-10-30 17:00:00,1.032,3.408,1,1,20.26,2271
2025-10-30 18:00:00,0.93,0.0,0,0,19.25,0
2025-10-30 19:00:00,0.386,-0.0,0,0,18.92,0
2025-10-30 20:00:00,0.327,-0.0,0,0,18.37,0
2025-10-30 21:00:00,0.558,-0.0,0,0,20.44,0
2025-10-30 22:00:00,0.434,-0.0,0,0,19.13,0
2025-10-30 23:00:00,0.475,-0.0,0,0,20.48,0
