timestamp,date,hour,weekday,is_workday,occupancy,equipment_on_count,temperature_c,luminosity_lux,solar_generation_kw,consumption_kwh
2025-09-01 00:00:00,2025-09-01,0,0,1,0,0,20.83,0,-0.0,0.31
2025-09-01 01:00:00,2025-09-01,1,0,1,0,0,20.82,0,-0.0,2.044
2025-09-01 02:00:00,2025-09-01,2,0,1,0,0,22.86,0,-0.0,0.353
2025-09-01 03:00:00,2025-09-01,3,0,1,0,0,22.86,0,-0.0,0.468
2025-09-01 04:00:00,2025-09-01,4,0,1,0,0,24.13,0,-0.0,0.288
2025-09-01 05:00:00,2025-09-01,5,0,1,0,0,22.47,0,-0.0,0.27
2025-09-01 06:00:00,2025-09-01,6,0,1,1,1,25.02,0,0.0,0.83
2025-09-01 07:00:00,2025-09-01,7,0,1,0,0,24.43,2312,3.469,0.569
2025-09-01 08:00:00,2025-09-01,8,0,1,0,0,26.36,4827,7.241,0.454
2025-09-01 09:00:00,2025-09-01,9,0,1,1,2,25.42,6165,9.248,1.449
2025-09-01 10:00:00,2025-09-01,10,0,1,1,3,24.8,6383,9.576,1.455
2025-09-01 11:00:00,2025-09-01,11,0,1,1,3,24.51,8701,13.052,1.437
2025-09-01 12:00:00,2025-09-01,12,0,1,1,7,22.69,8864,13.296,2.079
2025-09-01 13:00:00,2025-09-01,13,0,1,1,2,24.06,7924,11.887,1.079
2025-09-01 14:00:00,2025-09-01,14,0,1,1,3,23.58,7738,11.607,1.23
2025-09-01 15:00:00,2025-09-01,15,0,1,1,2,21.53,6024,9.036,1.197
2025-09-01 16:00:00,2025-09-01,16,0,1,1,2,21.78,3669,5.505,1.135
2025-09-01 17:00:00,2025-09-01,17,0,1,1,3,19.45,2370,3.556,1.439
2025-09-01 18:00:00,2025-09-01,18,0,1,0,0,18.81,0,0.0,0.841
2025-09-01 19:00:00,2025-09-01,19,0,1,0,0,19.2,0,-0.0,0.182
2025-09-01 20:00:00,2025-09-01,20,0,1,0,0,19.44,0,-0.0,0.533
2025-09-01 21:00:00,2025-09-01,21,0,1,0,0,18.9,0,-0.0,0.338
2025-09-01 22:00:00,2025-09-01,22,0,1,0,0,19.96,0,-0.0,0.383
2025-09-01 23:00:00,2025-09-01,23,0,1,0,0,20.27,0,-0.0,0.216
2025-09-02 00:00:00,2025-09-02,0,1,1,0,0,19.87,0,-0.0,0.185
2025-09-02 01:00:00,2025-09-02,1,1,1,0,0,21.82,0,-0.0,0.276
2025-09-02 02:00:00,2025-09-02,2,1,1,1,3,22.87,0,-0.0,0.587
2025-09-02 03:00:00,2025-09-02,3,1,1,0,0,23.1,0,-0.0,0.332
2025-09-02 04:00:00,2025-09-02,4,1,1,0,0,24.6,0,-0.0,0.253
2025-09-02 05:00:00,2025-09-02,5,1,1,0,0,23.32,0,-0.0,0.27
2025-09-02 06:00:00,2025-09-02,6,1,1,0,0,25.14,0,0.0,0.421
2025-09-02 07:00:00,2025-09-02,7,1,1,0,0,24.11,2426,3.64,0.693
2025-09-02 08:00:00,2025-09-02,8,1,1,0,0,24.25,4607,6.911,0.467
2025-09-02 09:00:00,2025-09-02,9,1,1,1,1,24.52,5297,7.946,1.089
2025-09-02 10:00:00,2025-09-02,10,1,1,1,1,23.95,7818,11.728,1.293
2025-09-02 11:00:00,2025-09-02,11,1,1,1,7,23.78,8644,12.967,1.932
2025-09-02 12:00:00,2025-09-02,12,1,1,1,1,23.42,8820,13.231,1.183
2025-09-02 13:00:00,2025-09-02,13,1,1,1,2,23.54,6961,10.443,1.063
2025-09-02 14:00:00,2025-09-02,14,1,1,1,1,21.84,8072,12.109,0.966
2025-09-02 15:00:00,2025-09-02,15,1,1,1,4,20.05,5155,7.734,1.588
2025-09-02 16:00:00,2025-09-02,16,1,1,1,3,21.52,3796,5.694,1.495
2025-09-02 17:00:00,2025-09-02,17,1,1,1,4,19.33,1961,2.942,1.572
2025-09-02 18:00:00,2025-09-02,18,1,1,0,0,19.5,0,0.0,0.936
2025-09-02 19:00:00,2025-09-02,19,1,1,1,6,19.63,0,-0.0,1.216
2025-09-02 20:00:00,2025-09-02,20,1,1,0,0,19.35,0,-0.0,0.179
2025-09-02 21:00:00,2025-09-02,21,1,1,0,0,20.19,0,-0.0,0.278
2025-09-02 22:00:00,2025-09-02,22,1,1,0,0,20.02,0,-0.0,0.32
2025-09-02 23:00:00,2025-09-02,23,1,1,0,0,19.44,0,-0.0,0.514
2025-09-03 00:00:00,2025-09-03,0,2,1,0,0,22.51,0,-0.0,0.291
2025-09-03 01:00:00,2025-09-03,1,2,1,0,0,21.65,0,-0.0,0.051
2025-09-03 02:00:00,2025-09-03,2,2,1,0,0,22.16,0,-0.0,0.314
2025-09-03 03:00:00,2025-09-03,3,2,1,0,0,23.83,0,-0.0,0.256
2025-09-03 04:00:00,2025-09-03,4,2,1,0,0,23.98,0,-0.0,0.232
2025-09-03 05:00:00,2025-09-03,5,2,1,0,0,24.71,0,-0.0,0.406
2025-09-03 06:00:00,2025-09-03,6,2,1,0,0,26.85,0,0.0,0.651
2025-09-03 07:00:00,2025-09-03,7,2,1,0,0,24.93,2061,3.093,0.599
2025-09-03 08:00:00,2025-09-03,8,2,1,0,0,24.98,4417,6.627,0.382
2025-09-03 09:00:00,2025-09-03,9,2,1,1,3,25.21,4586,6.879,1.492
2025-09-03 10:00:00,2025-09-03,10,2,1,1,1,25.66,7933,11.9,1.268
2025-09-03 11:00:00,2025-09-03,11,2,1,1,2,23.11,7468,11.203,1.432
2025-09-03 12:00:00,2025-09-03,12,2,1,1,5,22.12,6808,10.213,1.692
2025-09-03 13:00:00,2025-09-03,13,2,1,1,4,22.49,7699,11.549,1.565
2025-09-03 14:00:00,2025-09-03,14,2,1,1,4,20.88,7958,11.938,1.442
2025-09-03 15:00:00,2025-09-03,15,2,1,1,6,21.08,6928,10.393,1.721
2025-09-03 16:00:00,2025-09-03,16,2,1,1,2,21.11,3580,5.37,1.354
2025-09-03 17:00:00,2025-09-03,17,2,1,1,5,19.39,2277,3.417,1.864
2025-09-03 18:00:00,2025-09-03,18,2,1,0,0,18.5,0,0.0,0.941
2025-09-03 19:00:00,2025-09-03,19,2,1,0,0,19.42,0,-0.0,0.472
2025-09-03 20:00:00,2025-09-03,20,2,1,0,0,19.97,0,-0.0,0.4
2025-09-03 21:00:00,2025-09-03,21,2,1,0,0,18.05,0,-0.0,0.287
2025-09-03 22:00:00,2025-09-03,22,2,1,0,0,20.38,0,-0.0,0.418
2025-09-03 23:00:00,2025-09-03,23,2,1,0,0,20.87,0,-0.0,2.006
2025-09-04 00:00:00,2025-09-04,0,3,1,0,0,21.62,0,-0.0,0.246
2025-09-04 01:00:00,2025-09-04,1,3,1,0,0,22.56,0,-0.0,0.451
2025-09-04 02:00:00,2025-09-04,2,3,1,0,0,24.13,0,-0.0,0.05
2025-09-04 03:00:00,2025-09-04,3,3,1,0,0,22.86,0,-0.0,0.384
2025-09-04 04:00:00,2025-09-04,4,3,1,0,0,23.96,0,-0.0,0.323
2025-09-04 05:00:00,2025-09-04,5,3,1,0,0,24.15,0,-0.0,0.285
2025-09-04 06:00:00,2025-09-04,6,3,1,0,0,24.95,0,0.0,0.5
2025-09-04 07:00:00,2025-09-04,7,3,1,0,0,26.46,2192,3.289,0.279
2025-09-04 08:00:00,2025-09-04,8,3,1,0,0,24.24,4647,6.971,0.442
2025-09-04 09:00:00,2025-09-04,9,3,1,1,3,24.51,6324,9.487,1.558
2025-09-04 10:00:00,2025-09-04,10,3,1,1,3,25.99,7472,11.209,1.712
2025-09-04 11:00:00,2025-09-04,11,3,1,1,1,25.22,6893,10.341,1.145
2025-09-04 12:00:00,2025-09-04,12,3,1,1,3,23.48,8792,13.188,1.363
2025-09-04 13:00:00,2025-09-04,13,3,1,1,1,23.73,9050,13.576,1.091
2025-09-04 14:00:00,2025-09-04,14,3,1,1,4,22.54,7949,11.924,1.685
2025-09-04 15:00:00,2025-09-04,15,3,1,1,5,22.7,6772,10.159,1.754
2025-09-04 16:00:00,2025-09-04,16,3,1,1,5,20.85,4011,6.017,1.643
2025-09-04 17:00:00,2025-09-04,17,3,1,1,4,21.0,2244,3.367,1.613
2025-09-04 18:00:00,2025-09-04,18,3,1,0,0,21.83,0,0.0,0.962
2025-09-04 19:00:00,2025-09-04,19,3,1,0,0,19.92,0,-0.0,0.468
2025-09-04 20:00:00,2025-09-04,20,3,1,0,0,19.4,0,-0.0,0.272
2025-09-04 21:00:00,2025-09-04,21,3,1,0,0,20.06,0,-0.0,0.325
2025-09-04 22:00:00,2025-09-04,22,3,1,0,0,19.51,0,-0.0,0.328
2025-09-04 23:00:00,2025-09-04,23,3,1,0,0,22.21,0,-0.0,0.211
2025-09-05 00:00:00,2025-09-05,0,4,1,0,0,21.08,0,-0.0,0.286
2025-09-05 01:00:00,2025-09-05,1,4,1,0,0,21.45,0,-0.0,0.294
2025-09-05 02:00:00,2025-09-05,2,4,1,0,0,21.78,0,-0.0,0.276
2025-09-05 03:00:00,2025-09-05,3,4,1,0,0,24.1,0,-0.0,0.279
2025-09-05 04:00:00,2025-09-05,4,4,1,0,0,24.64,0,-0.0,0.156
2025-09-05 05:00:00,2025-09-05,5,4,1,0,0,24.16,0,-0.0,0.271
2025-09-05 06:00:00,2025-09-05,6,4,1,0,0,25.48,0,0.0,0.459
2025-09-05 07:00:00,2025-09-05,7,4,1,0,0,24.1,2334,3.501,0.374
2025-09-05 08:00:00,2025-09-05,8,4,1,0,0,25.54,4687,7.031,0.475
2025-09-05 09:00:00,2025-09-05,9,4,1,1,3,25.64,4867,7.301,1.587
2025-09-05 10:00:00,2025-09-05,10,4,1,1,1,26.33,7927,11.892,1.468
2025-09-05 11:00:00,2025-09-05,11,4,1,1,5,23.86,8533,12.8,1.801
2025-09-05 12:00:00,2025-09-05,12,4,1,1,3,22.82,7776,11.664,1.481
2025-09-05 13:00:00,2025-09-05,13,4,1,1,3,22.4,8111,12.167,1.428
2025-09-05 14:00:00,2025-09-05,14,4,1,1,2,21.27,7716,11.575,1.045
2025-09-05 15:00:00,2025-09-05,15,4,1,1,3,22.64,6339,9.509,1.411
2025-09-05 16:00:00,2025-09-05,16,4,1,1,3,22.09,4176,6.264,1.414
2025-09-05 17:00:00,2025-09-05,17,4,1,1,3,20.5,2307,3.461,1.697
2025-09-05 18:00:00,2025-09-05,18,4,1,0,0,20.76,0,0.0,0.927
2025-09-05 19:00:00,2025-09-05,19,4,1,0,0,19.61,0,-0.0,0.388
2025-09-05 20:00:00,2025-09-05,20,4,1,0,0,19.35,0,-0.0,0.353
2025-09-05 21:00:00,2025-09-05,21,4,1,0,0,19.28,0,-0.0,0.224
2025-09-05 22:00:00,2025-09-05,22,4,1,0,0,19.62,0,-0.0,0.512
2025-09-05 23:00:00,2025-09-05,23,4,1,0,0,19.12,0,-0.0,0.477
2025-09-06 00:00:00,2025-09-06,0,5,0,0,0,21.21,0,-0.0,0.345
2025-09-06 01:00:00,2025-09-06,1,5,0,0,0,21.7,0,-0.0,0.154
2025-09-06 02:00:00,2025-09-06,2,5,0,0,0,23.1,0,-0.0,0.445
2025-09-06 03:00:00,2025-09-06,3,5,0,0,0,23.36,0,-0.0,0.124
2025-09-06 04:00:00,2025-09-06,4,5,0,0,0,23.87,0,-0.0,0.381
2025-09-06 05:00:00,2025-09-06,5,5,0,0,0,23.92,0,-0.0,0.579
2025-09-06 06:00:00,2025-09-06,6,5,0,0,0,25.14,0,0.0,0.374
2025-09-06 07:00:00,2025-09-06,7,5,0,0,0,25.95,2251,3.378,0.439
2025-09-06 08:00:00,2025-09-06,8,5,0,0,0,24.53,4158,6.237,0.486
2025-09-06 09:00:00,2025-09-06,9,5,0,0,0,25.4,5600,8.401,0.423
2025-09-06 10:00:00,2025-09-06,10,5,0,0,0,25.2,7131,10.697,0.283
2025-09-06 11:00:00,2025-09-06,11,5,0,0,0,23.95,7854,11.781,0.44
2025-09-06 12:00:00,2025-09-06,12,5,0,0,0,23.42,8997,13.496,0.281
2025-09-06 13:00:00,2025-09-06,13,5,0,0,0,23.35,9055,13.584,0.451
2025-09-06 14:00:00,2025-09-06,14,5,0,0,0,21.48,7636,11.454,0.265
2025-09-06 15:00:00,2025-09-06,15,5,0,0,0,21.9,5429,8.145,0.551
2025-09-06 16:00:00,2025-09-06,16,5,0,0,0,20.19,4131,6.197,0.263
2025-09-06 17:00:00,2025-09-06,17,5,0,0,0,21.14,2191,3.287,0.313
2025-09-06 18:00:00,2025-09-06,18,5,0,0,0,21.7,0,0.0,0.448
2025-09-06 19:00:00,2025-09-06,19,5,0,0,0,18.86,0,-0.0,0.204
2025-09-06 20:00:00,2025-09-06,20,5,0,0,0,19.9,0,-0.0,0.384
2025-09-06 21:00:00,2025-09-06,21,5,0,0,0,19.01,0,-0.0,0.522
2025-09-06 22:00:00,2025-09-06,22,5,0,0,0,20.74,0,-0.0,0.182
2025-09-06 23:00:00,2025-09-06,23,5,0,0,0,19.39,0,-0.0,0.409
2025-09-07 00:00:00,2025-09-07,0,6,0,0,0,21.42,0,-0.0,0.281
2025-09-07 01:00:00,2025-09-07,1,6,0,0,0,21.07,0,-0.0,0.357
2025-09-07 02:00:00,2025-09-07,2,6,0,0,0,22.38,0,-0.0,0.127
2025-09-07 03:00:00,2025-09-07,3,6,0,0,0,22.5,0,-0.0,0.127
2025-09-07 04:00:00,2025-09-07,4,6,0,0,0,24.7,0,-0.0,0.39
2025-09-07 05:00:00,2025-09-07,5,6,0,0,0,23.98,0,-0.0,0.354
2025-09-07 06:00:00,2025-09-07,6,6,0,1,5,25.56,0,0.0,1.281
2025-09-07 07:00:00,2025-09-07,7,6,0,0,0,25.12,2407,3.611,0.532
2025-09-07 08:00:00,2025-09-07,8,6,0,0,0,25.39,3605,5.408,0.41
2025-09-07 09:00:00,2025-09-07,9,6,0,0,0,25.48,5242,7.864,0.513
2025-09-07 10:00:00,2025-09-07,10,6,0,0,0,24.44,7375,11.063,0.489
2025-09-07 11:00:00,2025-09-07,11,6,0,0,0,24.73,9096,13.645,0.362
2025-09-07 12:00:00,2025-09-07,12,6,0,0,0,25.15,8999,13.5,0.667
2025-09-07 13:00:00,2025-09-07,13,6,0,0,0,22.58,8874,13.312,0.444
2025-09-07 14:00:00,2025-09-07,14,6,0,1,4,23.36,6616,9.925,0.839
2025-09-07 15:00:00,2025-09-07,15,6,0,0,0,22.85,5967,8.951,0.443
2025-09-07 16:00:00,2025-09-07,16,6,0,0,0,20.28,3651,5.478,0.24
2025-09-07 17:00:00,2025-09-07,17,6,0,0,0,19.16,2472,3.708,0.446
2025-09-07 18:00:00,2025-09-07,18,6,0,0,0,20.1,0,0.0,0.489
2025-09-07 19:00:00,2025-09-07,19,6,0,0,0,19.14,0,-0.0,0.253
2025-09-07 20:00:00,2025-09-07,20,6,0,0,0,20.99,0,-0.0,0.472
2025-09-07 21:00:00,2025-09-07,21,6,0,0,0,19.64,0,-0.0,0.414
2025-09-07 22:00:00,2025-09-07,22,6,0,0,0,19.29,0,-0.0,0.474
2025-09-07 23:00:00,2025-09-07,23,6,0,0,0,19.51,0,-0.0,0.615
2025-09-08 00:00:00,2025-09-08,0,0,1,0,0,21.93,0,-0.0,0.221
2025-09-08 01:00:00,2025-09-08,1,0,1,0,0,21.33,0,-0.0,0.172
2025-09-08 02:00:00,2025-09-08,2,0,1,0,0,22.6,0,-0.0,0.168
2025-09-08 03:00:00,2025-09-08,3,0,1,0,0,24.11,0,-0.0,0.21
2025-09-08 04:00:00,2025-09-08,4,0,1,0,0,23.67,0,-0.0,0.297
2025-09-08 05:00:00,2025-09-08,5,0,1,0,0,24.63,0,-0.0,0.372
2025-09-08 06:00:00,2025-09-08,6,0,1,0,0,25.12,0,0.0,0.526
2025-09-08 07:00:00,2025-09-08,7,0,1,0,0,25.96,2077,3.117,0.607
2025-09-08 08:00:00,2025-09-08,8,0,1,0,0,25.97,4723,7.085,0.504
2025-09-08 09:00:00,2025-09-08,9,0,1,1,4,25.2,6044,9.067,1.854
2025-09-08 10:00:00,2025-09-08,10,0,1,1,3,25.11,7085,10.628,1.485
2025-09-08 11:00:00,2025-09-08,11,0,1,1,1,24.27,7323,10.985,1.515
2025-09-08 12:00:00,2025-09-08,12,0,1,1,4,22.76,9696,14.545,1.675
2025-09-08 13:00:00,2025-09-08,13,0,1,1,3,23.41,7660,11.491,1.342
2025-09-08 14:00:00,2025-09-08,14,0,1,1,5,23.94,7082,10.624,1.615
2025-09-08 15:00:00,2025-09-08,15,0,1,1,2,20.95,6057,9.086,1.323
2025-09-08 16:00:00,2025-09-08,16,0,1,1,4,20.32,4487,6.731,1.53
2025-09-08 17:00:00,2025-09-08,17,0,1,1,3,19.63,2420,3.631,1.487
2025-09-08 18:00:00,2025-09-08,18,0,1,0,0,20.45,0,0.0,1.007
2025-09-08 19:00:00,2025-09-08,19,0,1,0,0,19.94,0,-0.0,0.343
2025-09-08 20:00:00,2025-09-08,20,0,1,0,0,19.37,0,-0.0,0.255
2025-09-08 21:00:00,2025-09-08,21,0,1,0,0,18.89,0,-0.0,0.183
2025-09-08 22:00:00,2025-09-08,22,0,1,0,0,20.01,0,-0.0,0.321
2025-09-08 23:00:00,2025-09-08,23,0,1,0,0,19.18,0,-0.0,0.49
2025-09-09 00:00:00,2025-09-09,0,1,1,0,0,21.17,0,-0.0,0.276
2025-09-09 01:00:00,2025-09-09,1,1,1,0,0,22.49,0,-0.0,0.113
2025-09-09 02:00:00,2025-09-09,2,1,1,0,0,21.57,0,-0.0,0.296
2025-09-09 03:00:00,2025-09-09,3,1,1,0,0,22.11,0,-0.0,0.332
2025-09-09 04:00:00,2025-09-09,4,1,1,0,0,25.32,0,-0.0,0.234
2025-09-09 05:00:00,2025-09-09,5,1,1,0,0,24.18,0,-0.0,0.34
2025-09-09 06:00:00,2025-09-09,6,1,1,0,0,26.04,0,0.0,0.518
2025-09-09 07:00:00,2025-09-09,7,1,1,0,0,25.29,2306,3.46,0.357
2025-09-09 08:00:00,2025-09-09,8,1,1,0,0,25.36,4481,6.723,0.533
2025-09-09 09:00:00,2025-09-09,9,1,1,1,3,25.72,6607,9.912,1.607
2025-09-09 10:00:00,2025-09-09,10,1,1,1,2,24.35,7458,11.188,1.482
2025-09-09 11:00:00,2025-09-09,11,1,1,1,2,24.67,7160,10.741,1.473
2025-09-09 12:00:00,2025-09-09,12,1,1,1,5,23.62,7820,11.731,1.597
2025-09-09 13:00:00,2025-09-09,13,1,1,1,6,22.14,7666,11.5,1.775
2025-09-09 14:00:00,2025-09-09,14,1,1,1,2,22.69,6536,9.805,1.337
2025-09-09 15:00:00,2025-09-09,15,1,1,1,4,21.43,6311,9.467,1.626
2025-09-09 16:00:00,2025-09-09,16,1,1,1,3,20.8,4945,7.419,1.469
2025-09-09 17:00:00,2025-09-09,17,1,1,1,2,19.35,2332,3.499,1.714
2025-09-09 18:00:00,2025-09-09,18,1,1,0,0,21.12,0,0.0,1.019
2025-09-09 19:00:00,2025-09-09,19,1,1,0,0,20.27,0,-0.0,0.488
2025-09-09 20:00:00,2025-09-09,20,1,1,0,0,20.25,0,-0.0,0.471
2025-09-09 21:00:00,2025-09-09,21,1,1,0,0,19.36,0,-0.0,0.443
2025-09-09 22:00:00,2025-09-09,22,1,1,0,0,18.53,0,-0.0,0.337
2025-09-09 23:00:00,2025-09-09,23,1,1,0,0,21.97,0,-0.0,0.478
2025-09-10 00:00:00,2025-09-10,0,2,1,0,0,20.99,0,-0.0,0.157
2025-09-10 01:00:00,2025-09-10,1,2,1,0,0,21.17,0,-0.0,0.235
2025-09-10 02:00:00,2025-09-10,2,2,1,0,0,22.88,0,-0.0,0.217
2025-09-10 03:00:00,2025-09-10,3,2,1,0,0,24.25,0,-0.0,0.32
2025-09-10 04:00:00,2025-09-10,4,2,1,1,1,24.01,0,-0.0,0.741
2025-09-10 05:00:00,2025-09-10,5,2,1,0,0,25.66,0,-0.0,0.127
2025-09-10 06:00:00,2025-09-10,6,2,1,0,0,25.97,0,0.0,0.592
2025-09-10 07:00:00,2025-09-10,7,2,1,0,0,24.52,2118,3.178,0.285
2025-09-10 08:00:00,2025-09-10,8,2,1,0,0,24.92,4715,7.074,0.425
2025-09-10 09:00:00,2025-09-10,9,2,1,1,3,26.11,4968,7.452,1.678
2025-09-10 10:00:00,2025-09-10,10,2,1,1,4,22.85,6878,10.318,1.633
2025-09-10 11:00:00,2025-09-10,11,2,1,1,4,24.41,6614,9.921,1.512
2025-09-10 12:00:00,2025-09-10,12,2,1,1,4,22.75,8221,12.332,1.514
2025-09-10 13:00:00,2025-09-10,13,2,1,1,3,22.78,8787,13.181,1.519
2025-09-10 14:00:00,2025-09-10,14,2,1,1,1,22.14,7074,10.612,1.037
2025-09-10 15:00:00,2025-09-10,15,2,1,0,0,21.32,5783,8.676,0.991
2025-09-10 16:00:00,2025-09-10,16,2,1,1,3,20.45,4469,6.705,1.412
2025-09-10 17:00:00,2025-09-10,17,2,1,1,3,19.4,2284,3.426,1.324
2025-09-10 18:00:00,2025-09-10,18,2,1,0,0,21.65,0,0.0,1.207
2025-09-10 19:00:00,2025-09-10,19,2,1,0,0,21.02,0,-0.0,0.428
2025-09-10 20:00:00,2025-09-10,20,2,1,0,0,18.51,0,-0.0,0.114
2025-09-10 21:00:00,2025-09-10,21,2,1,0,0,20.83,0,-0.0,0.387
2025-09-10 22:00:00,2025-09-10,22,2,1,0,0,19.56,0,-0.0,0.296
2025-09-10 23:00:00,2025-09-10,23,2,1,0,0,20.47,0,-0.0,0.489
2025-09-11 00:00:00,2025-09-11,0,3,1,0,0,20.94,0,-0.0,0.155
2025-09-11 01:00:00,2025-09-11,1,3,1,0,0,21.2,0,-0.0,0.249
2025-09-11 02:00:00,2025-09-11,2,3,1,0,0,23.29,0,-0.0,0.341
2025-09-11 03:00:00,2025-09-11,3,3,1,0,0,23.37,0,-0.0,0.397
2025-09-11 04:00:00,2025-09-11,4,3,1,0,0,23.6,0,-0.0,0.161
2025-09-11 05:00:00,2025-09-11,5,3,1,0,0,23.55,0,-0.0,0.269
2025-09-11 06:00:00,2025-09-11,6,3,1,0,0,24.34,0,0.0,0.42
2025-09-11 07:00:00,2025-09-11,7,3,1,0,0,24.02,2526,3.789,2.14
2025-09-11 08:00:00,2025-09-11,8,3,1,0,0,25.42,4839,7.259,0.704
2025-09-11 09:00:00,2025-09-11,9,3,1,0,0,24.33,5720,8.581,1.111
2025-09-11 10:00:00,2025-09-11,10,3,1,1,3,24.76,7721,11.582,1.359
2025-09-11 11:00:00,2025-09-11,11,3,1,1,4,25.57,7549,11.324,1.775
2025-09-11 12:00:00,2025-09-11,12,3,1,1,4,24.8,8434,12.652,1.891
2025-09-11 13:00:00,2025-09-11,13,3,1,1,2,23.08,8755,13.133,1.413
2025-09-11 14:00:00,2025-09-11,14,3,1,1,4,22.26,6693,10.04,1.393
2025-09-11 15:00:00,2025-09-11,15,3,1,1,4,23.06,5788,8.683,1.508
2025-09-11 16:00:00,2025-09-11,16,3,1,1,1,21.25,2698,4.047,1.259
2025-09-11 17:00:00,2025-09-11,17,3,1,1,5,19.96,2300,3.45,1.617
2025-09-11 18:00:00,2025-09-11,18,3,1,0,0,18.62,0,0.0,1.003
2025-09-11 19:00:00,2025-09-11,19,3,1,0,0,19.79,0,-0.0,0.445
2025-09-11 20:00:00,2025-09-11,20,3,1,0,0,20.05,0,-0.0,0.245
2025-09-11 21:00:00,2025-09-11,21,3,1,0,0,19.0,0,-0.0,0.358
2025-09-11 22:00:00,2025-09-11,22,3,1,0,0,20.05,0,-0.0,0.05
2025-09-11 23:00:00,2025-09-11,23,3,1,0,0,20.01,0,-0.0,0.264
2025-09-12 00:00:00,2025-09-12,0,4,1,0,0,20.79,0,-0.0,0.22
2025-09-12 01:00:00,2025-09-12,1,4,1,0,0,19.67,0,-0.0,0.113
2025-09-12 02:00:00,2025-09-12,2,4,1,0,0,22.26,0,-0.0,0.471
2025-09-12 03:00:00,2025-09-12,3,4,1,0,0,23.98,0,-0.0,0.133
2025-09-12 04:00:00,2025-09-12,4,4,1,0,0,23.42,0,-0.0,0.249
2025-09-12 05:00:00,2025-09-12,5,4,1,0,0,24.57,0,-0.0,0.345
2025-09-12 06:00:00,2025-09-12,6,4,1,0,0,24.38,0,0.0,0.651
2025-09-12 07:00:00,2025-09-12,7,4,1,1,1,25.55,2268,3.403,0.477
2025-09-12 08:00:00,2025-09-12,8,4,1,0,0,25.17,2678,4.017,0.626
2025-09-12 09:00:00,2025-09-12,9,4,1,1,2,24.47,6322,9.484,1.366
2025-09-12 10:00:00,2025-09-12,10,4,1,1,3,25.97,8095,12.144,1.417
2025-09-12 11:00:00,2025-09-12,11,4,1,1,6,25.15,8724,13.086,2.011
2025-09-12 12:00:00,2025-09-12,12,4,1,1,1,23.29,8656,12.985,1.18
2025-09-12 13:00:00,2025-09-12,13,4,1,1,2,23.44,8341,12.512,1.224
2025-09-12 14:00:00,2025-09-12,14,4,1,1,4,22.69,6787,10.181,1.583
2025-09-12 15:00:00,2025-09-12,15,4,1,1,4,21.99,6782,10.174,1.518
2025-09-12 16:00:00,2025-09-12,16,4,1,1,2,19.41,4607,6.911,1.27
2025-09-12 17:00:00,2025-09-12,17,4,1,1,1,20.95,2170,3.255,1.181
2025-09-12 18:00:00,2025-09-12,18,4,1,0,0,19.23,0,0.0,1.14
2025-09-12 19:00:00,2025-09-12,19,4,1,0,0,19.11,0,-0.0,0.203
2025-09-12 20:00:00,2025-09-12,20,4,1,0,0,21.42,0,-0.0,0.613
2025-09-12 21:00:00,2025-09-12,21,4,1,0,0,19.67,0,-0.0,0.13
2025-09-12 22:00:00,2025-09-12,22,4,1,0,0,19.43,0,-0.0,0.357
2025-09-12 23:00:00,2025-09-12,23,4,1,0,0,18.46,0,-0.0,0.458
2025-09-13 00:00:00,2025-09-13,0,5,0,0,0,21.97,0,-0.0,0.284
2025-09-13 01:00:00,2025-09-13,1,5,0,0,0,20.51,0,-0.0,0.188
2025-09-13 02:00:00,2025-09-13,2,5,0,0,0,21.55,0,-0.0,0.25
2025-09-13 03:00:00,2025-09-13,3,5,0,0,0,22.86,0,-0.0,0.226
2025-09-13 04:00:00,2025-09-13,4,5,0,0,0,24.97,0,-0.0,0.262
2025-09-13 05:00:00,2025-09-13,5,5,0,0,0,25.07,0,-0.0,0.442
2025-09-13 06:00:00,2025-09-13,6,5,0,0,0,24.78,0,0.0,0.528
2025-09-13 07:00:00,2025-09-13,7,5,0,0,0,25.43,1912,2.869,0.414
2025-09-13 08:00:00,2025-09-13,8,5,0,0,0,24.78,4101,6.152,0.587
2025-09-13 09:00:00,2025-09-13,9,5,0,0,0,25.25,6054,9.081,0.517
2025-09-13 10:00:00,2025-09-13,10,5,0,0,0,24.88,5206,7.81,0.56
2025-09-13 11:00:00,2025-09-13,11,5,0,0,0,25.1,9079,13.62,0.53
2025-09-13 12:00:00,2025-09-13,12,5,0,0,0,24.46,6843,10.265,0.33
2025-09-13 13:00:00,2025-09-13,13,5,0,0,0,23.35,8404,12.607,0.327
2025-09-13 14:00:00,2025-09-13,14,5,0,0,0,21.88,7704,11.557,0.465
2025-09-13 15:00:00,2025-09-13,15,5,0,0,0,21.99,6716,10.075,0.438
2025-09-13 16:00:00,2025-09-13,16,5,0,0,0,20.6,4361,6.543,0.354
2025-09-13 17:00:00,2025-09-13,17,5,0,0,0,19.19,2445,3.669,0.366
2025-09-13 18:00:00,2025-09-13,18,5,0,0,0,19.27,0,0.0,0.503
2025-09-13 19:00:00,2025-09-13,19,5,0,0,0,19.38,0,-0.0,0.281
2025-09-13 20:00:00,2025-09-13,20,5,0,0,0,19.95,0,-0.0,0.422
2025-09-13 21:00:00,2025-09-13,21,5,0,0,0,19.19,0,-0.0,0.34
2025-09-13 22:00:00,2025-09-13,22,5,0,0,0,18.68,0,-0.0,0.349
2025-09-13 23:00:00,2025-09-13,23,5,0,0,0,20.18,0,-0.0,0.519
2025-09-14 00:00:00,2025-09-14,0,6,0,0,0,20.86,0,-0.0,0.349
2025-09-14 01:00:00,2025-09-14,1,6,0,0,0,21.64,0,-0.0,0.361
2025-09-14 02:00:00,2025-09-14,2,6,0,0,0,23.0,0,-0.0,0.432
2025-09-14 03:00:00,2025-09-14,3,6,0,0,0,23.85,0,-0.0,0.305
2025-09-14 04:00:00,2025-09-14,4,6,0,0,0,23.27,0,-0.0,0.381
2025-09-14 05:00:00,2025-09-14,5,6,0,0,0,23.86,0,-0.0,0.278
2025-09-14 06:00:00,2025-09-14,6,6,0,0,0,23.98,0,0.0,0.508
2025-09-14 07:00:00,2025-09-14,7,6,0,0,0,25.65,2240,3.361,0.486
2025-09-14 08:00:00,2025-09-14,8,6,0,0,0,26.33,3882,5.824,0.522
2025-09-14 09:00:00,2025-09-14,9,6,0,0,0,24.79,6982,10.473,0.543
2025-09-14 10:00:00,2025-09-14,10,6,0,1,2,24.53,8397,12.596,0.657
2025-09-14 11:00:00,2025-09-14,11,6,0,0,0,25.4,5054,7.582,0.712
2025-09-14 12:00:00,2025-09-14,12,6,0,0,0,24.0,8930,13.396,0.299
2025-09-14 13:00:00,2025-09-14,13,6,0,0,0,23.21,6581,9.873,0.246
2025-09-14 14:00:00,2025-09-14,14,6,0,0,0,21.12,7946,11.92,0.514
2025-09-14 15:00:00,2025-09-14,15,6,0,0,0,21.84,5902,8.854,0.46
2025-09-14 16:00:00,2025-09-14,16,6,0,0,0,19.83,4236,6.354,0.432
2025-09-14 17:00:00,2025-09-14,17,6,0,0,0,19.06,2366,3.55,0.427
2025-09-14 18:00:00,2025-09-14,18,6,0,0,0,19.22,0,0.0,0.349
2025-09-14 19:00:00,2025-09-14,19,6,0,0,0,18.74,0,-0.0,0.244
2025-09-14 20:00:00,2025-09-14,20,6,0,0,0,18.94,0,-0.0,0.366
2025-09-14 21:00:00,2025-09-14,21,6,0,0,0,18.09,0,-0.0,0.283
2025-09-14 22:00:00,2025-09-14,22,6,0,0,0,20.32,0,-0.0,0.492
2025-09-14 23:00:00,2025-09-14,23,6,0,0,0,20.94,0,-0.0,0.369
2025-09-15 00:00:00,2025-09-15,0,0,1,0,0,19.11,0,-0.0,0.151
2025-09-15 01:00:00,2025-09-15,1,0,1,0,0,22.17,0,-0.0,0.224
2025-09-15 02:00:00,2025-09-15,2,0,1,0,0,21.52,0,-0.0,0.325
2025-09-15 03:00:00,2025-09-15,3,0,1,0,0,23.62,0,-0.0,0.23
2025-09-15 04:00:00,2025-09-15,4,0,1,0,0,23.59,0,-0.0,0.206
2025-09-15 05:00:00,2025-09-15,5,0,1,0,0,24.28,0,-0.0,0.353
2025-09-15 06:00:00,2025-09-15,6,0,1,0,0,24.56,0,0.0,0.511
2025-09-15 07:00:00,2025-09-15,7,0,1,1,3,25.96,2132,3.199,0.897
2025-09-15 08:00:00,2025-09-15,8,0,1,0,0,24.08,4706,7.059,0.408
2025-09-15 09:00:00,2025-09-15,9,0,1,0,0,25.43,5569,8.354,1.112
2025-09-15 10:00:00,2025-09-15,10,0,1,1,4,25.5,6619,9.929,1.501
2025-09-15 11:00:00,2025-09-15,11,0,1,1,2,24.7,7218,10.828,1.178
2025-09-15 12:00:00,2025-09-15,12,0,1,1,5,25.35,7196,10.795,1.711
2025-09-15 13:00:00,2025-09-15,13,0,1,0,0,22.33,8446,12.67,0.961
2025-09-15 14:00:00,2025-09-15,14,0,1,1,4,22.74,7792,11.688,1.612
2025-09-15 15:00:00,2025-09-15,15,0,1,1,3,21.11,6047,9.071,1.592
2025-09-15 16:00:00,2025-09-15,16,0,1,1,1,21.46,4108,6.163,1.21
2025-09-15 17:00:00,2025-09-15,17,0,1,0,0,19.85,1946,2.92,0.933
2025-09-15 18:00:00,2025-09-15,18,0,1,0,0,19.08,0,0.0,0.948
2025-09-15 19:00:00,2025-09-15,19,0,1,0,0,20.15,0,-0.0,0.231
2025-09-15 20:00:00,2025-09-15,20,0,1,0,0,18.63,0,-0.0,0.354
2025-09-15 21:00:00,2025-09-15,21,0,1,0,0,18.0,0,-0.0,0.33
2025-09-15 22:00:00,2025-09-15,22,0,1,0,0,19.03,0,-0.0,0.414
2025-09-15 23:00:00,2025-09-15,23,0,1,0,0,20.43,0,-0.0,0.288
2025-09-16 00:00:00,2025-09-16,0,1,1,0,0,21.68,0,-0.0,0.312
2025-09-16 01:00:00,2025-09-16,1,1,1,0,0,21.38,0,-0.0,0.447
2025-09-16 02:00:00,2025-09-16,2,1,1,0,0,23.12,0,-0.0,0.264
2025-09-16 03:00:00,2025-09-16,3,1,1,0,0,21.74,0,-0.0,0.334
2025-09-16 04:00:00,2025-09-16,4,1,1,1,1,23.19,0,-0.0,0.53
2025-09-16 05:00:00,2025-09-16,5,1,1,0,0,23.92,0,-0.0,0.269
2025-09-16 06:00:00,2025-09-16,6,1,1,0,0,24.51,0,0.0,0.507
2025-09-16 07:00:00,2025-09-16,7,1,1,0,0,24.95,2474,3.712,0.489
2025-09-16 08:00:00,2025-09-16,8,1,1,0,0,25.52,3771,5.657,0.505
2025-09-16 09:00:00,2025-09-16,9,1,1,1,1,24.48,6376,9.565,1.122
2025-09-16 10:00:00,2025-09-16,10,1,1,1,2,24.63,7170,10.756,1.361
2025-09-16 11:00:00,2025-09-16,11,1,1,1,5,23.99,8207,12.311,1.842
2025-09-16 12:00:00,2025-09-16,12,1,1,0,0,22.65,8641,12.963,1.174
2025-09-16 13:00:00,2025-09-16,13,1,1,1,1,22.56,9092,13.638,1.252
2025-09-16 14:00:00,2025-09-16,14,1,1,1,4,21.75,7655,11.484,1.833
2025-09-16 15:00:00,2025-09-16,15,1,1,1,2,20.96,5045,7.568,1.173
2025-09-16 16:00:00,2025-09-16,16,1,1,1,2,20.39,3793,5.69,1.361
2025-09-16 17:00:00,2025-09-16,17,1,1,1,1,19.82,1770,2.656,1.124
2025-09-16 18:00:00,2025-09-16,18,1,1,0,0,18.94,0,0.0,1.213
2025-09-16 19:00:00,2025-09-16,19,1,1,0,0,20.02,0,-0.0,0.255
2025-09-16 20:00:00,2025-09-16,20,1,1,0,0,17.98,0,-0.0,0.256
2025-09-16 21:00:00,2025-09-16,21,1,1,1,3,18.45,0,-0.0,0.743
2025-09-16 22:00:00,2025-09-16,22,1,1,0,0,21.57,0,-0.0,0.12
2025-09-16 23:00:00,2025-09-16,23,1,1,0,0,19.0,0,-0.0,0.324
2025-09-17 00:00:00,2025-09-17,0,2,1,0,0,19.37,0,-0.0,0.159
2025-09-17 01:00:00,2025-09-17,1,2,1,0,0,21.77,0,-0.0,0.281
2025-09-17 02:00:00,2025-09-17,2,2,1,0,0,20.3,0,-0.0,0.316
2025-09-17 03:00:00,2025-09-17,3,2,1,0,0,22.54,0,-0.0,0.51
2025-09-17 04:00:00,2025-09-17,4,2,1,0,0,25.16,0,-0.0,0.45
2025-09-17 05:00:00,2025-09-17,5,2,1,0,0,22.81,0,-0.0,0.229
2025-09-17 06:00:00,2025-09-17,6,2,1,0,0,22.92,0,0.0,0.342
2025-09-17 07:00:00,2025-09-17,7,2,1,0,0,23.58,2037,3.056,0.519
2025-09-17 08:00:00,2025-09-17,8,2,1,0,0,25.58,4592,6.889,0.336
2025-09-17 09:00:00,2025-09-17,9,2,1,1,4,25.64,6381,9.572,1.908
2025-09-17 10:00:00,2025-09-17,10,2,1,1,4,24.01,6393,9.59,1.787
2025-09-17 11:00:00,2025-09-17,11,2,1,1,3,24.47,7753,11.63,1.436
2025-09-17 12:00:00,2025-09-17,12,2,1,1,4,24.4,8838,13.257,1.422
2025-09-17 13:00:00,2025-09-17,13,2,1,1,2,23.98,6274,9.412,1.469
2025-09-17 14:00:00,2025-09-17,14,2,1,1,4,21.57,8476,12.715,1.561
2025-09-17 15:00:00,2025-09-17,15,2,1,1,6,19.15,5981,8.972,2.013
2025-09-17 16:00:00,2025-09-17,16,2,1,1,1,19.61,4271,6.407,0.915
2025-09-17 17:00:00,2025-09-17,17,2,1,1,2,19.31,1888,2.833,1.18
2025-09-17 18:00:00,2025-09-17,18,2,1,0,0,18.98,0,0.0,0.951
2025-09-17 19:00:00,2025-09-17,19,2,1,0,0,18.75,0,-0.0,0.357
2025-09-17 20:00:00,2025-09-17,20,2,1,0,0,19.71,0,-0.0,0.303
2025-09-17 21:00:00,2025-09-17,21,2,1,0,0,19.95,0,-0.0,0.439
2025-09-17 22:00:00,2025-09-17,22,2,1,0,0,19.11,0,-0.0,0.247
2025-09-17 23:00:00,2025-09-17,23,2,1,0,0,20.61,0,-0.0,0.37
2025-09-18 00:00:00,2025-09-18,0,3,1,0,0,20.64,0,-0.0,0.264
2025-09-18 01:00:00,2025-09-18,1,3,1,0,0,21.14,0,-0.0,0.325
2025-09-18 02:00:00,2025-09-18,2,3,1,0,0,22.58,0,-0.0,0.36
2025-09-18 03:00:00,2025-09-18,3,3,1,0,0,22.69,0,-0.0,0.15
2025-09-18 04:00:00,2025-09-18,4,3,1,0,0,24.99,0,-0.0,0.149
2025-09-18 05:00:00,2025-09-18,5,3,1,0,0,22.8,0,-0.0,0.452
2025-09-18 06:00:00,2025-09-18,6,3,1,0,0,23.99,0,0.0,0.51
2025-09-18 07:00:00,2025-09-18,7,3,1,0,0,24.58,2425,3.638,0.39
2025-09-18 08:00:00,2025-09-18,8,3,1,0,0,25.12,3641,5.462,0.672
2025-09-18 09:00:00,2025-09-18,9,3,1,1,2,25.65,5394,8.092,1.402
2025-09-18 10:00:00,2025-09-18,10,3,1,1,2,24.3,7359,11.04,1.493
2025-09-18 11:00:00,2025-09-18,11,3,1,1,3,22.69,8289,12.434,1.471
2025-09-18 12:00:00,2025-09-18,12,3,1,1,5,23.86,7834,11.751,2.015
2025-09-18 13:00:00,2025-09-18,13,3,1,1,3,23.06,7918,11.878,1.649
2025-09-18 14:00:00,2025-09-18,14,3,1,1,7,20.12,7548,11.322,1.995
2025-09-18 15:00:00,2025-09-18,15,3,1,1,2,20.89,6142,9.214,1.381
2025-09-18 16:00:00,2025-09-18,16,3,1,1,3,18.9,3672,5.508,1.484
2025-09-18 17:00:00,2025-09-18,17,3,1,1,2,19.03,2349,3.525,1.416
2025-09-18 18:00:00,2025-09-18,18,3,1,0,0,18.37,0,0.0,0.834
2025-09-18 19:00:00,2025-09-18,19,3,1,0,0,19.46,0,-0.0,0.434
2025-09-18 20:00:00,2025-09-18,20,3,1,0,0,18.81,0,-0.0,0.484
2025-09-18 21:00:00,2025-09-18,21,3,1,0,0,17.81,0,-0.0,0.154
2025-09-18 22:00:00,2025-09-18,22,3,1,0,0,19.86,0,-0.0,0.233
2025-09-18 23:00:00,2025-09-18,23,3,1,0,0,18.49,0,-0.0,0.142
2025-09-19 00:00:00,2025-09-19,0,4,1,0,0,20.53,0,-0.0,0.218
2025-09-19 01:00:00,2025-09-19,1,4,1,0,0,20.34,0,-0.0,0.349
2025-09-19 02:00:00,2025-09-19,2,4,1,1,2,21.48,0,-0.0,0.755
2025-09-19 03:00:00,2025-09-19,3,4,1,1,4,22.94,0,-0.0,0.894
2025-09-19 04:00:00,2025-09-19,4,4,1,0,0,23.67,0,-0.0,0.502
2025-09-19 05:00:00,2025-09-19,5,4,1,1,3,24.93,0,-0.0,0.621
2025-09-19 06:00:00,2025-09-19,6,4,1,0,0,24.25,0,0.0,0.271
2025-09-19 07:00:00,2025-09-19,7,4,1,0,0,24.84,2024,3.037,0.478
2025-09-19 08:00:00,2025-09-19,8,4,1,0,0,24.33,4353,6.53,0.516
2025-09-19 09:00:00,2025-09-19,9,4,1,1,6,24.7,7011,10.518,1.965
2025-09-19 10:00:00,2025-09-19,10,4,1,1,2,24.59,8229,12.344,1.109
2025-09-19 11:00:00,2025-09-19,11,4,1,1,4,23.66,8646,12.969,1.615
2025-09-19 12:00:00,2025-09-19,12,4,1,0,0,21.66,8713,13.071,0.843
2025-09-19 13:00:00,2025-09-19,13,4,1,1,4,22.64,7439,11.16,1.667
2025-09-19 14:00:00,2025-09-19,14,4,1,1,5,21.88,6153,9.23,1.769
2025-09-19 15:00:00,2025-09-19,15,4,1,1,4,20.27,6340,9.511,1.452
2025-09-19 16:00:00,2025-09-19,16,4,1,1,4,19.06,4193,6.29,1.495
2025-09-19 17:00:00,2025-09-19,17,4,1,1,3,20.66,1999,2.999,1.275
2025-09-19 18:00:00,2025-09-19,18,4,1,0,0,19.41,0,0.0,0.942
2025-09-19 19:00:00,2025-09-19,19,4,1,0,0,18.54,0,-0.0,0.466
2025-09-19 20:00:00,2025-09-19,20,4,1,0,0,17.73,0,-0.0,0.238
2025-09-19 21:00:00,2025-09-19,21,4,1,0,0,18.1,0,-0.0,0.425
2025-09-19 22:00:00,2025-09-19,22,4,1,0,0,20.11,0,-0.0,0.311
2025-09-19 23:00:00,2025-09-19,23,4,1,0,0,19.67,0,-0.0,0.292
2025-09-20 00:00:00,2025-09-20,0,5,0,0,0,19.75,0,-0.0,0.237
2025-09-20 01:00:00,2025-09-20,1,5,0,0,0,21.33,0,-0.0,0.139
2025-09-20 02:00:00,2025-09-20,2,5,0,0,0,21.04,0,-0.0,0.209
2025-09-20 03:00:00,2025-09-20,3,5,0,0,0,23.67,0,-0.0,0.155
2025-09-20 04:00:00,2025-09-20,4,5,0,0,0,24.26,0,-0.0,0.554
2025-09-20 05:00:00,2025-09-20,5,5,0,0,0,23.41,0,-0.0,0.311
2025-09-20 06:00:00,2025-09-20,6,5,0,0,0,23.74,0,0.0,0.381
2025-09-20 07:00:00,2025-09-20,7,5,0,0,0,22.43,1920,2.88,0.474
2025-09-20 08:00:00,2025-09-20,8,5,0,0,0,23.42,4488,6.733,0.438
2025-09-20 09:00:00,2025-09-20,9,5,0,0,0,23.41,6440,9.661,0.417
2025-09-20 10:00:00,2025-09-20,10,5,0,0,0,24.27,7892,11.839,0.524
2025-09-20 11:00:00,2025-09-20,11,5,0,1,3,23.41,7076,10.614,0.962
2025-09-20 12:00:00,2025-09-20,12,5,0,0,0,21.96,8494,12.741,0.336
2025-09-20 13:00:00,2025-09-20,13,5,0,0,0,22.08,8942,13.414,0.318
2025-09-20 14:00:00,2025-09-20,14,5,0,0,0,21.92,6665,9.999,0.342
2025-09-20 15:00:00,2025-09-20,15,5,0,0,0,21.17,5385,8.078,0.088
2025-09-20 16:00:00,2025-09-20,16,5,0,0,0,18.5,4343,6.515,0.175
2025-09-20 17:00:00,2025-09-20,17,5,0,0,0,19.31,2440,3.661,0.516
2025-09-20 18:00:00,2025-09-20,18,5,0,0,0,17.84,0,0.0,0.547
2025-09-20 19:00:00,2025-09-20,19,5,0,0,0,19.38,0,-0.0,0.322
2025-09-20 20:00:00,2025-09-20,20,5,0,0,0,19.2,0,-0.0,0.426
2025-09-20 21:00:00,2025-09-20,21,5,0,0,0,17.98,0,-0.0,0.402
2025-09-20 22:00:00,2025-09-20,22,5,0,0,0,18.4,0,-0.0,0.744
2025-09-20 23:00:00,2025-09-20,23,5,0,0,0,19.13,0,-0.0,0.521
2025-09-21 00:00:00,2025-09-21,0,6,0,0,0,18.33,0,-0.0,0.235
2025-09-21 01:00:00,2025-09-21,1,6,0,0,0,21.13,0,-0.0,0.148
2025-09-21 02:00:00,2025-09-21,2,6,0,0,0,21.42,0,-0.0,0.082
2025-09-21 03:00:00,2025-09-21,3,6,0,0,0,23.18,0,-0.0,0.313
2025-09-21 04:00:00,2025-09-21,4,6,0,0,0,22.24,0,-0.0,0.203
2025-09-21 05:00:00,2025-09-21,5,6,0,0,0,23.23,0,-0.0,0.132
2025-09-21 06:00:00,2025-09-21,6,6,0,0,0,22.98,0,0.0,0.372
2025-09-21 07:00:00,2025-09-21,7,6,0,0,0,23.66,2246,3.37,0.332
2025-09-21 08:00:00,2025-09-21,8,6,0,0,0,23.6,3621,5.433,0.658
2025-09-21 09:00:00,2025-09-21,9,6,0,1,2,25.22,5662,8.494,0.886
2025-09-21 10:00:00,2025-09-21,10,6,0,0,0,23.55,6397,9.597,0.435
2025-09-21 11:00:00,2025-09-21,11,6,0,0,0,23.72,8523,12.785,0.605
2025-09-21 12:00:00,2025-09-21,12,6,0,0,0,22.68,8116,12.174,0.409
2025-09-21 13:00:00,2025-09-21,13,6,0,0,0,21.23,7927,11.892,0.284
2025-09-21 14:00:00,2025-09-21,14,6,0,0,0,21.33,8460,12.691,0.558
2025-09-21 15:00:00,2025-09-21,15,6,0,0,0,21.17,6884,10.327,0.429
2025-09-21 16:00:00,2025-09-21,16,6,0,0,0,19.01,4851,7.277,0.232
2025-09-21 17:00:00,2025-09-21,17,6,0,0,0,20.01,2216,3.324,0.329
2025-09-21 18:00:00,2025-09-21,18,6,0,0,0,18.22,0,0.0,0.245
2025-09-21 19:00:00,2025-09-21,19,6,0,0,0,18.23,0,-0.0,0.186
2025-09-21 20:00:00,2025-09-21,20,6,0,1,2,18.96,0,-0.0,0.768
2025-09-21 21:00:00,2025-09-21,21,6,0,0,0,18.12,0,-0.0,0.594
2025-09-21 22:00:00,2025-09-21,22,6,0,0,0,19.0,0,-0.0,0.207
2025-09-21 23:00:00,2025-09-21,23,6,0,0,0,19.2,0,-0.0,0.455
2025-09-22 00:00:00,2025-09-22,0,0,1,0,0,20.19,0,-0.0,0.172
2025-09-22 01:00:00,2025-09-22,1,0,1,1,4,18.91,0,-0.0,0.804
2025-09-22 02:00:00,2025-09-22,2,0,1,0,0,20.13,0,-0.0,0.204
2025-09-22 03:00:00,2025-09-22,3,0,1,0,0,22.86,0,-0.0,0.182
2025-09-22 04:00:00,2025-09-22,4,0,1,0,0,23.91,0,-0.0,0.317
2025-09-22 05:00:00,2025-09-22,5,0,1,0,0,22.96,0,-0.0,0.199
2025-09-22 06:00:00,2025-09-22,6,0,1,0,0,23.95,0,0.0,0.502
2025-09-22 07:00:00,2025-09-22,7,0,1,0,0,24.67,2426,3.64,0.476
2025-09-22 08:00:00,2025-09-22,8,0,1,0,0,25.07,3264,4.897,0.456
2025-09-22 09:00:00,2025-09-22,9,0,1,1,2,22.77,6708,10.063,1.226
2025-09-22 10:00:00,2025-09-22,10,0,1,1,3,23.37,7755,11.633,1.413
2025-09-22 11:00:00,2025-09-22,11,0,1,1,4,23.32,8384,12.576,1.71
2025-09-22 12:00:00,2025-09-22,12,0,1,1,1,23.51,9330,13.996,1.22
2025-09-22 13:00:00,2025-09-22,13,0,1,1,2,24.22,7973,11.96,1.194
2025-09-22 14:00:00,2025-09-22,14,0,1,1,2,21.26,7893,11.84,1.287
2025-09-22 15:00:00,2025-09-22,15,0,1,1,2,19.54,4240,6.361,1.355
2025-09-22 16:00:00,2025-09-22,16,0,1,1,4,20.27,4375,6.564,1.356
2025-09-22 17:00:00,2025-09-22,17,0,1,1,2,20.39,1962,2.944,1.317
2025-09-22 18:00:00,2025-09-22,18,0,1,0,0,18.96,0,0.0,0.87
2025-09-22 19:00:00,2025-09-22,19,0,1,0,0,17.86,0,-0.0,0.42
2025-09-22 20:00:00,2025-09-22,20,0,1,0,0,19.27,0,-0.0,0.265
2025-09-22 21:00:00,2025-09-22,21,0,1,0,0,19.16,0,-0.0,0.148
2025-09-22 22:00:00,2025-09-22,22,0,1,0,0,18.12,0,-0.0,0.18
2025-09-22 23:00:00,2025-09-22,23,0,1,0,0,19.74,0,-0.0,0.393
2025-09-23 00:00:00,2025-09-23,0,1,1,0,0,20.86,0,-0.0,0.281
2025-09-23 01:00:00,2025-09-23,1,1,1,0,0,21.74,0,-0.0,0.154
2025-09-23 02:00:00,2025-09-23,2,1,1,0,0,21.52,0,-0.0,0.352
2025-09-23 03:00:00,2025-09-23,3,1,1,0,0,22.06,0,-0.0,0.086
2025-09-23 04:00:00,2025-09-23,4,1,1,0,0,24.04,0,-0.0,0.306
2025-09-23 05:00:00,2025-09-23,5,1,1,0,0,22.7,0,-0.0,0.153
2025-09-23 06:00:00,2025-09-23,6,1,1,0,0,24.48,0,0.0,0.401
2025-09-23 07:00:00,2025-09-23,7,1,1,0,0,23.32,2404,3.607,0.46
2025-09-23 08:00:00,2025-09-23,8,1,1,0,0,25.35,4123,6.185,0.387
2025-09-23 09:00:00,2025-09-23,9,1,1,1,1,24.17,6292,9.438,1.163
2025-09-23 10:00:00,2025-09-23,10,1,1,1,2,25.08,6784,10.176,1.487
2025-09-23 11:00:00,2025-09-23,11,1,1,1,2,23.96,9153,13.73,1.263
2025-09-23 12:00:00,2025-09-23,12,1,1,1,3,21.96,6054,9.082,1.55
2025-09-23 13:00:00,2025-09-23,13,1,1,1,4,23.35,7840,11.761,1.458
2025-09-23 14:00:00,2025-09-23,14,1,1,1,4,22.67,5590,8.385,1.639
2025-09-23 15:00:00,2025-09-23,15,1,1,1,3,21.36,5167,7.751,1.588
2025-09-23 16:00:00,2025-09-23,16,1,1,1,3,19.33,4513,6.77,1.11
2025-09-23 17:00:00,2025-09-23,17,1,1,1,5,19.08,1951,2.928,1.606
2025-09-23 18:00:00,2025-09-23,18,1,1,0,0,18.98,0,0.0,1.019
2025-09-23 19:00:00,2025-09-23,19,1,1,0,0,18.02,0,-0.0,0.327
2025-09-23 20:00:00,2025-09-23,20,1,1,0,0,19.86,0,-0.0,0.401
2025-09-23 21:00:00,2025-09-23,21,1,1,0,0,18.74,0,-0.0,0.292
2025-09-23 22:00:00,2025-09-23,22,1,1,0,0,16.78,0,-0.0,0.385
2025-09-23 23:00:00,2025-09-23,23,1,1,0,0,19.7,0,-0.0,0.368
2025-09-24 00:00:00,2025-09-24,0,2,1,0,0,19.79,0,-0.0,0.39
2025-09-24 01:00:00,2025-09-24,1,2,1,1,3,20.74,0,-0.0,0.743
2025-09-24 02:00:00,2025-09-24,2,2,1,0,0,21.28,0,-0.0,0.316
2025-09-24 03:00:00,2025-09-24,3,2,1,0,0,22.99,0,-0.0,0.236
2025-09-24 04:00:00,2025-09-24,4,2,1,0,0,23.96,0,-0.0,0.254
2025-09-24 05:00:00,2025-09-24,5,2,1,1,5,23.9,0,-0.0,1.014
2025-09-24 06:00:00,2025-09-24,6,2,1,1,5,23.87,0,0.0,1.265
2025-09-24 07:00:00,2025-09-24,7,2,1,0,0,24.39,2458,3.687,0.426
2025-09-24 08:00:00,2025-09-24,8,2,1,0,0,24.52,4821,7.232,0.509
2025-09-24 09:00:00,2025-09-24,9,2,1,1,1,23.75,5590,8.386,1.449
2025-09-24 10:00:00,2025-09-24,10,2,1,1,4,24.53,6787,10.181,1.76
2025-09-24 11:00:00,2025-09-24,11,2,1,1,2,23.95,8427,12.641,1.293
2025-09-24 12:00:00,2025-09-24,12,2,1,1,7,24.18,7299,10.949,2.218
2025-09-24 13:00:00,2025-09-24,13,2,1,0,0,23.22,8315,12.474,0.943
2025-09-24 14:00:00,2025-09-24,14,2,1,1,2,20.89,7420,11.131,1.03
2025-09-24 15:00:00,2025-09-24,15,2,1,0,0,21.33,6162,9.244,0.844
2025-09-24 16:00:00,2025-09-24,16,2,1,1,4,19.19,4827,7.242,1.332
2025-09-24 17:00:00,2025-09-24,17,2,1,1,1,19.9,2320,3.481,1.06
2025-09-24 18:00:00,2025-09-24,18,2,1,0,0,18.47,0,0.0,0.952
2025-09-24 19:00:00,2025-09-24,19,2,1,0,0,17.78,0,-0.0,0.553
2025-09-24 20:00:00,2025-09-24,20,2,1,0,0,18.74,0,-0.0,0.396
2025-09-24 21:00:00,2025-09-24,21,2,1,0,0,16.5,0,-0.0,0.338
2025-09-24 22:00:00,2025-09-24,22,2,1,0,0,17.56,0,-0.0,0.475
2025-09-24 23:00:00,2025-09-24,23,2,1,0,0,19.31,0,-0.0,0.122
2025-09-25 00:00:00,2025-09-25,0,3,1,0,0,20.15,0,-0.0,0.278
2025-09-25 01:00:00,2025-09-25,1,3,1,0,0,20.52,0,-0.0,0.355
2025-09-25 02:00:00,2025-09-25,2,3,1,0,0,20.33,0,-0.0,0.098
2025-09-25 03:00:00,2025-09-25,3,3,1,0,0,21.72,0,-0.0,0.423
2025-09-25 04:00:00,2025-09-25,4,3,1,0,0,23.4,0,-0.0,0.342
2025-09-25 05:00:00,2025-09-25,5,3,1,0,0,24.17,0,-0.0,0.272
2025-09-25 06:00:00,2025-09-25,6,3,1,0,0,24.15,0,0.0,0.549
2025-09-25 07:00:00,2025-09-25,7,3,1,0,0,25.38,2238,3.358,0.768
2025-09-25 08:00:00,2025-09-25,8,3,1,0,0,24.85,4733,7.1,0.502
2025-09-25 09:00:00,2025-09-25,9,3,1,1,1,23.82,5915,8.873,1.232
2025-09-25 10:00:00,2025-09-25,10,3,1,1,3,23.88,6357,9.537,1.437
2025-09-25 11:00:00,2025-09-25,11,3,1,1,3,22.49,9027,13.542,1.361
2025-09-25 12:00:00,2025-09-25,12,3,1,1,5,22.89,7301,10.952,1.85
2025-09-25 13:00:00,2025-09-25,13,3,1,1,1,23.14,6819,10.23,1.037
2025-09-25 14:00:00,2025-09-25,14,3,1,1,4,22.02,7927,11.891,1.584
2025-09-25 15:00:00,2025-09-25,15,3,1,0,0,21.83,5933,8.9,0.907
2025-09-25 16:00:00,2025-09-25,16,3,1,1,4,19.75,3131,4.697,1.614
2025-09-25 17:00:00,2025-09-25,17,3,1,1,3,20.46,2317,3.476,1.442
2025-09-25 18:00:00,2025-09-25,18,3,1,0,0,18.77,0,0.0,1.075
2025-09-25 19:00:00,2025-09-25,19,3,1,0,0,19.82,0,-0.0,0.291
2025-09-25 20:00:00,2025-09-25,20,3,1,0,0,18.54,0,-0.0,0.324
2025-09-25 21:00:00,2025-09-25,21,3,1,0,0,19.25,0,-0.0,0.247
2025-09-25 22:00:00,2025-09-25,22,3,1,0,0,20.18,0,-0.0,0.322
2025-09-25 23:00:00,2025-09-25,23,3,1,0,0,19.34,0,-0.0,0.432
2025-09-26 00:00:00,2025-09-26,0,4,1,0,0,20.3,0,-0.0,0.341
2025-09-26 01:00:00,2025-09-26,1,4,1,0,0,21.89,0,-0.0,0.152
2025-09-26 02:00:00,2025-09-26,2,4,1,0,0,21.54,0,-0.0,0.379
2025-09-26 03:00:00,2025-09-26,3,4,1,0,0,21.36,0,-0.0,0.448
2025-09-26 04:00:00,2025-09-26,4,4,1,0,0,24.85,0,-0.0,0.38
2025-09-26 05:00:00,2025-09-26,5,4,1,0,0,23.37,0,-0.0,0.531
2025-09-26 06:00:00,2025-09-26,6,4,1,0,0,24.34,0,0.0,0.384
2025-09-26 07:00:00,2025-09-26,7,4,1,1,7,25.42,1974,2.962,1.397
2025-09-26 08:00:00,2025-09-26,8,4,1,0,0,24.1,4907,7.361,0.252
2025-09-26 09:00:00,2025-09-26,9,4,1,1,2,23.66,6675,10.013,1.528
2025-09-26 10:00:00,2025-09-26,10,4,1,1,2,24.36,7740,11.61,1.431
2025-09-26 11:00:00,2025-09-26,11,4,1,0,0,22.23,7460,11.191,1.006
2025-09-26 12:00:00,2025-09-26,12,4,1,0,0,22.8,9587,14.382,1.034
2025-09-26 13:00:00,2025-09-26,13,4,1,1,1,22.5,8020,12.031,1.002
2025-09-26 14:00:00,2025-09-26,14,4,1,1,1,21.31,6510,9.766,1.418
2025-09-26 15:00:00,2025-09-26,15,4,1,1,4,19.52,6252,9.379,1.58
2025-09-26 16:00:00,2025-09-26,16,4,1,1,4,21.32,4108,6.163,1.57
2025-09-26 17:00:00,2025-09-26,17,4,1,1,5,19.52,2055,3.084,1.789
2025-09-26 18:00:00,2025-09-26,18,4,1,0,0,20.12,0,0.0,1.008
2025-09-26 19:00:00,2025-09-26,19,4,1,0,0,18.49,0,-0.0,0.379
2025-09-26 20:00:00,2025-09-26,20,4,1,0,0,17.91,0,-0.0,0.262
2025-09-26 21:00:00,2025-09-26,21,4,1,0,0,18.96,0,-0.0,0.421
2025-09-26 22:00:00,2025-09-26,22,4,1,0,0,18.89,0,-0.0,0.601
2025-09-26 23:00:00,2025-09-26,23,4,1,0,0,18.61,0,-0.0,0.549
2025-09-27 00:00:00,2025-09-27,0,5,0,0,0,21.37,0,-0.0,0.441
2025-09-27 01:00:00,2025-09-27,1,5,0,0,0,20.43,0,-0.0,0.202
2025-09-27 02:00:00,2025-09-27,2,5,0,0,0,20.23,0,-0.0,0.156
2025-09-27 03:00:00,2025-09-27,3,5,0,0,0,23.54,0,-0.0,0.281
2025-09-27 04:00:00,2025-09-27,4,5,0,0,0,22.8,0,-0.0,0.3
2025-09-27 05:00:00,2025-09-27,5,5,0,0,0,23.33,0,-0.0,0.436
2025-09-27 06:00:00,2025-09-27,6,5,0,0,0,22.87,0,0.0,0.247
2025-09-27 07:00:00,2025-09-27,7,5,0,0,0,25.96,2342,3.514,0.691
2025-09-27 08:00:00,2025-09-27,8,5,0,0,0,23.62,3362,5.044,0.437
2025-09-27 09:00:00,2025-09-27,9,5,0,0,0,24.58,5709,8.564,0.416
2025-09-27 10:00:00,2025-09-27,10,5,0,0,0,24.95,7586,11.379,0.343
2025-09-27 11:00:00,2025-09-27,11,5,0,0,0,24.07,8680,13.021,0.236
2025-09-27 12:00:00,2025-09-27,12,5,0,0,0,23.06,7930,11.896,0.5
2025-09-27 13:00:00,2025-09-27,13,5,0,0,0,21.02,8155,12.234,0.396
2025-09-27 14:00:00,2025-09-27,14,5,0,0,0,20.95,7529,11.295,0.22
2025-09-27 15:00:00,2025-09-27,15,5,0,0,0,20.98,6711,10.068,0.209
2025-09-27 16:00:00,2025-09-27,16,5,0,0,0,19.49,4589,6.884,0.316
2025-09-27 17:00:00,2025-09-27,17,5,0,0,0,19.67,1797,2.697,0.552
2025-09-27 18:00:00,2025-09-27,18,5,0,0,0,19.6,0,0.0,0.319
2025-09-27 19:00:00,2025-09-27,19,5,0,0,0,19.54,0,-0.0,0.171
2025-09-27 20:00:00,2025-09-27,20,5,0,0,0,17.71,0,-0.0,0.327
2025-09-27 21:00:00,2025-09-27,21,5,0,0,0,20.57,0,-0.0,0.332
2025-09-27 22:00:00,2025-09-27,22,5,0,0,0,19.75,0,-0.0,0.051
2025-09-27 23:00:00,2025-09-27,23,5,0,0,0,19.63,0,-0.0,0.381
2025-09-28 00:00:00,2025-09-28,0,6,0,0,0,21.14,0,-0.0,0.222
2025-09-28 01:00:00,2025-09-28,1,6,0,0,0,22.89,0,-0.0,0.346
2025-09-28 02:00:00,2025-09-28,2,6,0,0,0,20.63,0,-0.0,0.497
2025-09-28 03:00:00,2025-09-28,3,6,0,0,0,22.38,0,-0.0,0.421
2025-09-28 04:00:00,2025-09-28,4,6,0,0,0,21.38,0,-0.0,0.261
2025-09-28 05:00:00,2025-09-28,5,6,0,0,0,24.05,0,-0.0,0.186
2025-09-28 06:00:00,2025-09-28,6,6,0,0,0,24.65,0,0.0,0.792
2025-09-28 07:00:00,2025-09-28,7,6,0,0,0,24.62,2378,3.567,0.488
2025-09-28 08:00:00,2025-09-28,8,6,0,1,3,24.21,4281,6.423,0.919
2025-09-28 09:00:00,2025-09-28,9,6,0,0,0,22.98,5947,8.922,0.432
2025-09-28 10:00:00,2025-09-28,10,6,0,0,0,24.6,8204,12.307,0.481
2025-09-28 11:00:00,2025-09-28,11,6,0,0,0,24.98,5659,8.489,0.435
2025-09-28 12:00:00,2025-09-28,12,6,0,0,0,22.72,8780,13.171,0.331
2025-09-28 13:00:00,2025-09-28,13,6,0,0,0,22.81,7220,10.831,0.321
2025-09-28 14:00:00,2025-09-28,14,6,0,0,0,20.43,7421,11.133,0.371
2025-09-28 15:00:00,2025-09-28,15,6,0,0,0,21.28,5306,7.96,0.299
2025-09-28 16:00:00,2025-09-28,16,6,0,0,0,19.89,3869,5.804,0.271
2025-09-28 17:00:00,2025-09-28,17,6,0,0,0,18.99,2177,3.266,0.364
2025-09-28 18:00:00,2025-09-28,18,6,0,0,0,18.53,0,0.0,0.319
2025-09-28 19:00:00,2025-09-28,19,6,0,0,0,18.55,0,-0.0,0.532
2025-09-28 20:00:00,2025-09-28,20,6,0,1,2,19.09,0,-0.0,0.339
2025-09-28 21:00:00,2025-09-28,21,6,0,0,0,17.86,0,-0.0,0.496
2025-09-28 22:00:00,2025-09-28,22,6,0,0,0,18.91,0,-0.0,0.525
2025-09-28 23:00:00,2025-09-28,23,6,0,0,0,19.69,0,-0.0,0.138
2025-09-29 00:00:00,2025-09-29,0,0,1,0,0,19.48,0,-0.0,0.209
2025-09-29 01:00:00,2025-09-29,1,0,1,1,3,22.53,0,-0.0,0.668
2025-09-29 02:00:00,2025-09-29,2,0,1,0,0,21.19,0,-0.0,0.106
2025-09-29 03:00:00,2025-09-29,3,0,1,0,0,22.12,0,-0.0,0.192
2025-09-29 04:00:00,2025-09-29,4,0,1,0,0,22.59,0,-0.0,0.16
2025-09-29 05:00:00,2025-09-29,5,0,1,0,0,25.43,0,-0.0,0.557
2025-09-29 06:00:00,2025-09-29,6,0,1,0,0,24.9,0,0.0,0.6
2025-09-29 07:00:00,2025-09-29,7,0,1,0,0,23.99,1556,2.335,0.621
2025-09-29 08:00:00,2025-09-29,8,0,1,0,0,25.71,3961,5.942,0.584
2025-09-29 09:00:00,2025-09-29,9,0,1,1,3,24.87,6485,9.728,1.387
2025-09-29 10:00:00,2025-09-29,10,0,1,1,3,24.6,6485,9.729,1.444
2025-09-29 11:00:00,2025-09-29,11,0,1,1,1,23.64,8593,12.89,1.234
2025-09-29 12:00:00,2025-09-29,12,0,1,1,2,22.68,9033,13.551,1.153
2025-09-29 13:00:00,2025-09-29,13,0,1,1,5,22.83,8291,12.437,1.823
2025-09-29 14:00:00,2025-09-29,14,0,1,1,3,21.35,8321,12.482,1.396
2025-09-29 15:00:00,2025-09-29,15,0,1,1,5,22.47,4679,7.019,1.67
2025-09-29 16:00:00,2025-09-29,16,0,1,1,5,19.29,4207,6.311,1.792
2025-09-29 17:00:00,2025-09-29,17,0,1,1,3,20.92,2158,3.237,1.455
2025-09-29 18:00:00,2025-09-29,18,0,1,0,0,19.15,0,0.0,0.907
2025-09-29 19:00:00,2025-09-29,19,0,1,0,0,19.2,0,-0.0,0.491
2025-09-29 20:00:00,2025-09-29,20,0,1,0,0,19.55,0,-0.0,0.227
2025-09-29 21:00:00,2025-09-29,21,0,1,0,0,18.5,0,-0.0,0.439
2025-09-29 22:00:00,2025-09-29,22,0,1,0,0,20.02,0,-0.0,0.446
2025-09-29 23:00:00,2025-09-29,23,0,1,0,0,17.66,0,-0.0,0.35
2025-09-30 00:00:00,2025-09-30,0,1,1,0,0,19.88,0,-0.0,0.289
2025-09-30 01:00:00,2025-09-30,1,1,1,0,0,20.45,0,-0.0,0.113
2025-09-30 02:00:00,2025-09-30,2,1,1,0,0,20.97,0,-0.0,0.386
2025-09-30 03:00:00,2025-09-30,3,1,1,0,0,22.58,0,-0.0,0.263
2025-09-30 04:00:00,2025-09-30,4,1,1,0,0,23.78,0,-0.0,0.246
2025-09-30 05:00:00,2025-09-30,5,1,1,0,0,24.65,0,-0.0,0.457
2025-09-30 06:00:00,2025-09-30,6,1,1,0,0,24.75,0,0.0,0.4
2025-09-30 07:00:00,2025-09-30,7,1,1,0,0,24.31,2406,3.61,0.305
2025-09-30 08:00:00,2025-09-30,8,1,1,0,0,25.22,4349,6.524,0.301
2025-09-30 09:00:00,2025-09-30,9,1,1,1,3,24.91,6172,9.259,1.596
2025-09-30 10:00:00,2025-09-30,10,1,1,1,3,25.25,8432,12.648,1.366
2025-09-30 11:00:00,2025-09-30,11,1,1,1,3,24.64,7696,11.545,1.706
2025-09-30 12:00:00,2025-09-30,12,1,1,1,4,23.41,9818,14.728,1.358
2025-09-30 13:00:00,2025-09-30,13,1,1,0,0,21.94,8505,12.758,1.191
2025-09-30 14:00:00,2025-09-30,14,1,1,1,2,21.36,6552,9.828,1.3
2025-09-30 15:00:00,2025-09-30,15,1,1,0,0,20.68,5242,7.864,0.953
2025-09-30 16:00:00,2025-09-30,16,1,1,1,2,20.15,4395,6.593,1.191
2025-09-30 17:00:00,2025-09-30,17,1,1,1,3,20.01,2419,3.629,1.45
2025-09-30 18:00:00,2025-09-30,18,1,1,0,0,19.91,0,0.0,0.945
2025-09-30 19:00:00,2025-09-30,19,1,1,0,0,19.02,0,-0.0,0.484
2025-09-30 20:00:00,2025-09-30,20,1,1,0,0,19.0,0,-0.0,0.37
2025-09-30 21:00:00,2025-09-30,21,1,1,0,0,19.22,0,-0.0,0.383
2025-09-30 22:00:00,2025-09-30,22,1,1,0,0,19.02,0,-0.0,0.331
2025-09-30 23:00:00,2025-09-30,23,1,1,0,0,19.18,0,-0.0,0.38
2025-10-01 00:00:00,2025-10-01,0,2,1,0,0,19.16,0,-0.0,0.287
2025-10-01 01:00:00,2025-10-01,1,2,1,0,0,20.74,0,-0.0,0.058
2025-10-01 02:00:00,2025-10-01,2,2,1,0,0,22.46,0,-0.0,0.113
2025-10-01 03:00:00,2025-10-01,3,2,1,0,0,22.3,0,-0.0,0.375
2025-10-01 04:00:00,2025-10-01,4,2,1,0,0,23.39,0,-0.0,0.322
2025-10-01 05:00:00,2025-10-01,5,2,1,0,0,24.57,0,-0.0,0.308
2025-10-01 06:00:00,2025-10-01,6,2,1,0,0,25.08,0,0.0,0.494
2025-10-01 07:00:00,2025-10-01,7,2,1,0,0,24.08,2499,3.75,0.512
2025-10-01 08:00:00,2025-10-01,8,2,1,0,0,25.83,3323,4.985,0.435
2025-10-01 09:00:00,2025-10-01,9,2,1,1,2,25.82,5469,8.204,1.298
2025-10-01 10:00:00,2025-10-01,10,2,1,1,4,23.7,8257,12.386,1.663
2025-10-01 11:00:00,2025-10-01,11,2,1,1,4,23.46,7295,10.943,1.505
2025-10-01 12:00:00,2025-10-01,12,2,1,1,3,24.44,9643,14.465,1.528
2025-10-01 13:00:00,2025-10-01,13,2,1,1,3,22.65,9231,13.848,1.233
2025-10-01 14:00:00,2025-10-01,14,2,1,1,5,20.21,7488,11.232,1.848
2025-10-01 15:00:00,2025-10-01,15,2,1,1,2,20.1,3676,5.515,1.321
2025-10-01 16:00:00,2025-10-01,16,2,1,1,2,20.31,4593,6.89,1.287
2025-10-01 17:00:00,2025-10-01,17,2,1,1,3,18.97,1734,2.602,1.52
2025-10-01 18:00:00,2025-10-01,18,2,1,0,0,19.11,0,0.0,1.15
2025-10-01 19:00:00,2025-10-01,19,2,1,0,0,19.19,0,-0.0,0.473
2025-10-01 20:00:00,2025-10-01,20,2,1,0,0,20.26,0,-0.0,0.136
2025-10-01 21:00:00,2025-10-01,21,2,1,0,0,18.98,0,-0.0,0.211
2025-10-01 22:00:00,2025-10-01,22,2,1,0,0,20.39,0,-0.0,0.3
2025-10-01 23:00:00,2025-10-01,23,2,1,0,0,21.17,0,-0.0,0.39
2025-10-02 00:00:00,2025-10-02,0,3,1,1,2,21.81,0,-0.0,0.612
2025-10-02 01:00:00,2025-10-02,1,3,1,0,0,21.63,0,-0.0,0.176
2025-10-02 02:00:00,2025-10-02,2,3,1,1,3,20.61,0,-0.0,0.747
2025-10-02 03:00:00,2025-10-02,3,3,1,0,0,23.33,0,-0.0,2.169
2025-10-02 04:00:00,2025-10-02,4,3,1,0,0,24.52,0,-0.0,0.25
2025-10-02 05:00:00,2025-10-02,5,3,1,0,0,24.23,0,-0.0,0.154
2025-10-02 06:00:00,2025-10-02,6,3,1,0,0,26.16,0,0.0,0.402
2025-10-02 07:00:00,2025-10-02,7,3,1,1,1,25.74,2370,3.556,0.491
2025-10-02 08:00:00,2025-10-02,8,3,1,0,0,25.59,3888,5.833,0.378
2025-10-02 09:00:00,2025-10-02,9,3,1,1,2,25.89,5308,7.962,1.52
2025-10-02 10:00:00,2025-10-02,10,3,1,1,2,24.97,7885,11.828,1.251
2025-10-02 11:00:00,2025-10-02,11,3,1,1,5,22.23,8737,13.106,2.079
2025-10-02 12:00:00,2025-10-02,12,3,1,1,3,23.19,7110,10.666,1.513
2025-10-02 13:00:00,2025-10-02,13,3,1,1,3,23.82,8849,13.274,1.476
2025-10-02 14:00:00,2025-10-02,14,3,1,1,3,21.45,6809,10.214,1.322
2025-10-02 15:00:00,2025-10-02,15,3,1,1,6,21.14,4871,7.308,1.949
2025-10-02 16:00:00,2025-10-02,16,3,1,1,4,19.77,4678,7.018,1.488
2025-10-02 17:00:00,2025-10-02,17,3,1,1,5,21.43,2334,3.502,1.716
2025-10-02 18:00:00,2025-10-02,18,3,1,0,0,20.89,0,0.0,1.257
2025-10-02 19:00:00,2025-10-02,19,3,1,0,0,18.56,0,-0.0,0.34
2025-10-02 20:00:00,2025-10-02,20,3,1,0,0,19.31,0,-0.0,0.495
2025-10-02 21:00:00,2025-10-02,21,3,1,0,0,18.77,0,-0.0,0.28
2025-10-02 22:00:00,2025-10-02,22,3,1,0,0,20.13,0,-0.0,0.371
2025-10-02 23:00:00,2025-10-02,23,3,1,0,0,20.54,0,-0.0,0.6
2025-10-03 00:00:00,2025-10-03,0,4,1,0,0,21.41,0,-0.0,0.175
2025-10-03 01:00:00,2025-10-03,1,4,1,0,0,21.77,0,-0.0,0.48
2025-10-03 02:00:00,2025-10-03,2,4,1,0,0,24.63,0,-0.0,0.393
2025-10-03 03:00:00,2025-10-03,3,4,1,0,0,22.24,0,-0.0,0.218
2025-10-03 04:00:00,2025-10-03,4,4,1,1,3,22.41,0,-0.0,0.819
2025-10-03 05:00:00,2025-10-03,5,4,1,0,0,24.08,0,-0.0,0.437
2025-10-03 06:00:00,2025-10-03,6,4,1,0,0,23.61,0,0.0,0.537
2025-10-03 07:00:00,2025-10-03,7,4,1,0,0,23.95,2262,3.393,0.279
2025-10-03 08:00:00,2025-10-03,8,4,1,0,0,24.43,4578,6.868,0.385
2025-10-03 09:00:00,2025-10-03,9,4,1,1,3,24.38,6133,9.2,1.483
2025-10-03 10:00:00,2025-10-03,10,4,1,0,0,24.04,8038,12.057,1.037
2025-10-03 11:00:00,2025-10-03,11,4,1,1,3,24.73,8135,12.204,1.572
2025-10-03 12:00:00,2025-10-03,12,4,1,1,2,23.28,8732,13.098,1.327
2025-10-03 13:00:00,2025-10-03,13,4,1,1,1,22.82,8041,12.063,0.977
2025-10-03 14:00:00,2025-10-03,14,4,1,1,3,22.9,7321,10.982,1.471
2025-10-03 15:00:00,2025-10-03,15,4,1,1,1,20.8,5456,8.184,1.188
2025-10-03 16:00:00,2025-10-03,16,4,1,1,4,20.49,4177,6.266,1.624
2025-10-03 17:00:00,2025-10-03,17,4,1,1,3,20.39,2066,3.099,1.531
2025-10-03 18:00:00,2025-10-03,18,4,1,0,0,18.09,0,0.0,1.05
2025-10-03 19:00:00,2025-10-03,19,4,1,0,0,17.45,0,-0.0,0.407
2025-10-03 20:00:00,2025-10-03,20,4,1,0,0,19.56,0,-0.0,0.348
2025-10-03 21:00:00,2025-10-03,21,4,1,0,0,19.8,0,-0.0,0.165
2025-10-03 22:00:00,2025-10-03,22,4,1,0,0,21.38,0,-0.0,0.427
2025-10-03 23:00:00,2025-10-03,23,4,1,0,0,20.35,0,-0.0,0.412
2025-10-04 00:00:00,2025-10-04,0,5,0,0,0,21.51,0,-0.0,0.283
2025-10-04 01:00:00,2025-10-04,1,5,0,0,0,21.43,0,-0.0,0.11
2025-10-04 02:00:00,2025-10-04,2,5,0,0,0,22.61,0,-0.0,0.145
2025-10-04 03:00:00,2025-10-04,3,5,0,0,0,24.48,0,-0.0,0.441
2025-10-04 04:00:00,2025-10-04,4,5,0,0,0,22.17,0,-0.0,0.289
2025-10-04 05:00:00,2025-10-04,5,5,0,0,0,24.81,0,-0.0,0.416
2025-10-04 06:00:00,2025-10-04,6,5,0,0,0,26.66,0,0.0,0.527
2025-10-04 07:00:00,2025-10-04,7,5,0,0,0,25.46,2470,3.706,0.501
2025-10-04 08:00:00,2025-10-04,8,5,0,0,0,26.64,3438,5.158,0.629
2025-10-04 09:00:00,2025-10-04,9,5,0,0,0,24.7,6337,9.506,0.407
2025-10-04 10:00:00,2025-10-04,10,5,0,0,0,24.86,7079,10.619,0.474
2025-10-04 11:00:00,2025-10-04,11,5,0,0,0,24.43,8868,13.303,0.386
2025-10-04 12:00:00,2025-10-04,12,5,0,0,0,22.0,9821,14.732,0.348
2025-10-04 13:00:00,2025-10-04,13,5,0,0,0,22.11,8933,13.4,0.35
2025-10-04 14:00:00,2025-10-04,14,5,0,0,0,21.39,7517,11.276,0.402
2025-10-04 15:00:00,2025-10-04,15,5,0,0,0,22.16,6836,10.254,0.307
2025-10-04 16:00:00,2025-10-04,16,5,0,0,0,21.48,3015,4.523,0.507
2025-10-04 17:00:00,2025-10-04,17,5,0,0,0,20.44,2184,3.277,0.244
2025-10-04 18:00:00,2025-10-04,18,5,0,0,0,20.38,0,0.0,0.328
2025-10-04 19:00:00,2025-10-04,19,5,0,0,0,19.31,0,-0.0,0.299
2025-10-04 20:00:00,2025-10-04,20,5,0,0,0,20.32,0,-0.0,0.53
2025-10-04 21:00:00,2025-10-04,21,5,0,0,0,19.49,0,-0.0,0.388
2025-10-04 22:00:00,2025-10-04,22,5,0,0,0,19.85,0,-0.0,0.499
2025-10-04 23:00:00,2025-10-04,23,5,0,0,0,20.09,0,-0.0,0.209
2025-10-05 00:00:00,2025-10-05,0,6,0,0,0,21.48,0,-0.0,0.282
2025-10-05 01:00:00,2025-10-05,1,6,0,0,0,21.33,0,-0.0,0.37
2025-10-05 02:00:00,2025-10-05,2,6,0,0,0,23.23,0,-0.0,0.289
2025-10-05 03:00:00,2025-10-05,3,6,0,0,0,22.32,0,-0.0,0.413
2025-10-05 04:00:00,2025-10-05,4,6,0,0,0,23.06,0,-0.0,0.233
2025-10-05 05:00:00,2025-10-05,5,6,0,0,0,25.11,0,-0.0,0.51
2025-10-05 06:00:00,2025-10-05,6,6,0,1,2,24.95,0,0.0,1.065
2025-10-05 07:00:00,2025-10-05,7,6,0,0,0,24.94,2404,3.606,0.444
2025-10-05 08:00:00,2025-10-05,8,6,0,0,0,26.11,4366,6.55,0.452
2025-10-05 09:00:00,2025-10-05,9,6,0,1,4,24.79,5222,7.834,1.246
2025-10-05 10:00:00,2025-10-05,10,6,0,0,0,24.8,6868,10.303,0.651
2025-10-05 11:00:00,2025-10-05,11,6,0,0,0,25.59,8362,12.544,0.402
2025-10-05 12:00:00,2025-10-05,12,6,0,0,0,25.07,7646,11.469,0.391
2025-10-05 13:00:00,2025-10-05,13,6,0,0,0,24.37,8654,12.982,0.381
2025-10-05 14:00:00,2025-10-05,14,6,0,0,0,22.11,7749,11.624,0.214
2025-10-05 15:00:00,2025-10-05,15,6,0,0,0,22.55,6435,9.653,0.254
2025-10-05 16:00:00,2025-10-05,16,6,0,1,1,20.09,4016,6.025,0.386
2025-10-05 17:00:00,2025-10-05,17,6,0,0,0,19.52,2328,3.493,0.26
2025-10-05 18:00:00,2025-10-05,18,6,0,0,0,17.91,0,0.0,0.346
2025-10-05 19:00:00,2025-10-05,19,6,0,0,0,20.84,0,-0.0,0.38
2025-10-05 20:00:00,2025-10-05,20,6,0,0,0,18.73,0,-0.0,0.543
2025-10-05 21:00:00,2025-10-05,21,6,0,0,0,19.45,0,-0.0,0.245
2025-10-05 22:00:00,2025-10-05,22,6,0,0,0,19.14,0,-0.0,0.493
2025-10-05 23:00:00,2025-10-05,23,6,0,0,0,20.92,0,-0.0,0.361
2025-10-06 00:00:00,2025-10-06,0,0,1,0,0,20.69,0,-0.0,0.244
2025-10-06 01:00:00,2025-10-06,1,0,1,0,0,20.68,0,-0.0,0.344
2025-10-06 02:00:00,2025-10-06,2,0,1,0,0,22.86,0,-0.0,0.14
2025-10-06 03:00:00,2025-10-06,3,0,1,1,1,22.14,0,-0.0,0.481
2025-10-06 04:00:00,2025-10-06,4,0,1,0,0,23.33,0,-0.0,0.32
2025-10-06 05:00:00,2025-10-06,5,0,1,0,0,22.93,0,-0.0,0.357
2025-10-06 06:00:00,2025-10-06,6,0,1,0,0,23.94,0,0.0,0.503
2025-10-06 07:00:00,2025-10-06,7,0,1,0,0,25.51,2361,3.542,0.793
2025-10-06 08:00:00,2025-10-06,8,0,1,1,4,23.88,4340,6.511,0.984
2025-10-06 09:00:00,2025-10-06,9,0,1,1,6,24.15,5742,8.614,1.895
2025-10-06 10:00:00,2025-10-06,10,0,1,1,4,25.01,8281,12.423,1.59
2025-10-06 11:00:00,2025-10-06,11,0,1,1,1,24.09,8217,12.326,1.118
2025-10-06 12:00:00,2025-10-06,12,0,1,1,1,25.49,6315,9.473,1.123
2025-10-06 13:00:00,2025-10-06,13,0,1,1,3,24.63,5090,7.636,1.612
2025-10-06 14:00:00,2025-10-06,14,0,1,1,3,21.7,7055,10.583,1.595
2025-10-06 15:00:00,2025-10-06,15,0,1,1,3,22.06,6752,10.128,1.346
2025-10-06 16:00:00,2025-10-06,16,0,1,1,4,21.5,3939,5.909,1.457
2025-10-06 17:00:00,2025-10-06,17,0,1,0,0,19.82,2483,3.725,1.008
2025-10-06 18:00:00,2025-10-06,18,0,1,0,0,18.64,0,0.0,0.884
2025-10-06 19:00:00,2025-10-06,19,0,1,1,4,19.54,0,-0.0,1.028
2025-10-06 20:00:00,2025-10-06,20,0,1,0,0,19.33,0,-0.0,0.381
2025-10-06 21:00:00,2025-10-06,21,0,1,0,0,19.24,0,-0.0,0.183
2025-10-06 22:00:00,2025-10-06,22,0,1,0,0,20.26,0,-0.0,0.561
2025-10-06 23:00:00,2025-10-06,23,0,1,0,0,19.8,0,-0.0,0.603
2025-10-07 00:00:00,2025-10-07,0,1,1,0,0,20.12,0,-0.0,0.176
2025-10-07 01:00:00,2025-10-07,1,1,1,0,0,21.86,0,-0.0,0.216
2025-10-07 02:00:00,2025-10-07,2,1,1,0,0,22.86,0,-0.0,0.309
2025-10-07 03:00:00,2025-10-07,3,1,1,0,0,22.38,0,-0.0,0.325
2025-10-07 04:00:00,2025-10-07,4,1,1,0,0,24.78,0,-0.0,0.408
2025-10-07 05:00:00,2025-10-07,5,1,1,0,0,23.24,0,-0.0,0.544
2025-10-07 06:00:00,2025-10-07,6,1,1,0,0,24.65,0,0.0,0.462
2025-10-07 07:00:00,2025-10-07,7,1,1,0,0,25.19,2036,3.054,0.396
2025-10-07 08:00:00,2025-10-07,8,1,1,0,0,24.98,4237,6.357,0.317
2025-10-07 09:00:00,2025-10-07,9,1,1,0,0,24.91,6269,9.404,0.986
2025-10-07 10:00:00,2025-10-07,10,1,1,0,0,26.55,7265,10.899,1.092
2025-10-07 11:00:00,2025-10-07,11,1,1,1,5,23.88,8156,12.234,1.996
2025-10-07 12:00:00,2025-10-07,12,1,1,0,0,25.88,6852,10.279,0.995
2025-10-07 13:00:00,2025-10-07,13,1,1,1,1,23.55,6588,9.883,1.175
2025-10-07 14:00:00,2025-10-07,14,1,1,0,0,22.49,5971,8.958,0.973
2025-10-07 15:00:00,2025-10-07,15,1,1,1,4,22.03,4718,7.077,1.707
2025-10-07 16:00:00,2025-10-07,16,1,1,1,3,22.96,3956,5.935,1.71
2025-10-07 17:00:00,2025-10-07,17,1,1,1,2,19.53,2321,3.483,1.188
2025-10-07 18:00:00,2025-10-07,18,1,1,0,0,18.96,0,0.0,0.891
2025-10-07 19:00:00,2025-10-07,19,1,1,0,0,18.98,0,-0.0,0.477
2025-10-07 20:00:00,2025-10-07,20,1,1,0,0,19.52,0,-0.0,0.439
2025-10-07 21:00:00,2025-10-07,21,1,1,0,0,18.24,0,-0.0,0.586
2025-10-07 22:00:00,2025-10-07,22,1,1,0,0,19.95,0,-0.0,0.445
2025-10-07 23:00:00,2025-10-07,23,1,1,0,0,21.78,0,-0.0,0.344
2025-10-08 00:00:00,2025-10-08,0,2,1,0,0,21.18,0,-0.0,0.321
2025-10-08 01:00:00,2025-10-08,1,2,1,0,0,21.56,0,-0.0,0.396
2025-10-08 02:00:00,2025-10-08,2,2,1,0,0,22.07,0,-0.0,0.373
2025-10-08 03:00:00,2025-10-08,3,2,1,0,0,24.06,0,-0.0,0.367
2025-10-08 04:00:00,2025-10-08,4,2,1,0,0,23.4,0,-0.0,0.429
2025-10-08 05:00:00,2025-10-08,5,2,1,0,0,26.15,0,-0.0,0.502
2025-10-08 06:00:00,2025-10-08,6,2,1,0,0,26.68,0,0.0,0.689
2025-10-08 07:00:00,2025-10-08,7,2,1,0,0,25.62,2068,3.103,0.579
2025-10-08 08:00:00,2025-10-08,8,2,1,0,0,25.49,4375,6.563,0.473
2025-10-08 09:00:00,2025-10-08,9,2,1,1,3,26.2,5326,7.99,1.567
2025-10-08 10:00:00,2025-10-08,10,2,1,1,2,25.94,7922,11.884,1.529
2025-10-08 11:00:00,2025-10-08,11,2,1,1,2,23.93,9068,13.603,1.233
2025-10-08 12:00:00,2025-10-08,12,2,1,1,5,23.52,6954,10.431,1.805
2025-10-08 13:00:00,2025-10-08,13,2,1,1,3,22.15,7132,10.699,1.39
2025-10-08 14:00:00,2025-10-08,14,2,1,1,1,22.76,6057,9.086,1.128
2025-10-08 15:00:00,2025-10-08,15,2,1,1,4,22.19,4416,6.625,1.718
2025-10-08 16:00:00,2025-10-08,16,2,1,1,2,19.86,4614,6.921,1.28
2025-10-08 17:00:00,2025-10-08,17,2,1,0,0,19.96,2023,3.035,0.957
2025-10-08 18:00:00,2025-10-08,18,2,1,0,0,18.79,0,0.0,0.787
2025-10-08 19:00:00,2025-10-08,19,2,1,0,0,18.86,0,-0.0,0.441
2025-10-08 20:00:00,2025-10-08,20,2,1,0,0,19.94,0,-0.0,0.434
2025-10-08 21:00:00,2025-10-08,21,2,1,0,0,19.03,0,-0.0,0.624
2025-10-08 22:00:00,2025-10-08,22,2,1,0,0,19.7,0,-0.0,0.338
2025-10-08 23:00:00,2025-10-08,23,2,1,0,0,19.13,0,-0.0,0.413
2025-10-09 00:00:00,2025-10-09,0,3,1,0,0,21.21,0,-0.0,0.28
2025-10-09 01:00:00,2025-10-09,1,3,1,0,0,21.75,0,-0.0,0.452
2025-10-09 02:00:00,2025-10-09,2,3,1,0,0,21.98,0,-0.0,0.264
2025-10-09 03:00:00,2025-10-09,3,3,1,0,0,23.19,0,-0.0,0.323
2025-10-09 04:00:00,2025-10-09,4,3,1,1,3,24.2,0,-0.0,0.84
2025-10-09 05:00:00,2025-10-09,5,3,1,0,0,24.01,0,-0.0,0.341
2025-10-09 06:00:00,2025-10-09,6,3,1,0,0,23.95,0,0.0,0.415
2025-10-09 07:00:00,2025-10-09,7,3,1,0,0,26.85,2196,3.295,0.549
2025-10-09 08:00:00,2025-10-09,8,3,1,1,3,24.98,3920,5.88,1.062
2025-10-09 09:00:00,2025-10-09,9,3,1,1,6,25.29,5388,8.083,1.858
2025-10-09 10:00:00,2025-10-09,10,3,1,0,0,25.86,7528,11.293,1.098
2025-10-09 11:00:00,2025-10-09,11,3,1,1,5,27.38,8081,12.122,1.767
2025-10-09 12:00:00,2025-10-09,12,3,1,1,3,22.93,9521,14.283,1.593
2025-10-09 13:00:00,2025-10-09,13,3,1,1,3,23.56,7832,11.749,1.265
2025-10-09 14:00:00,2025-10-09,14,3,1,0,0,21.85,8051,12.077,0.908
2025-10-09 15:00:00,2025-10-09,15,3,1,1,3,21.21,5232,7.848,1.46
2025-10-09 16:00:00,2025-10-09,16,3,1,0,0,20.35,4191,6.288,1.145
2025-10-09 17:00:00,2025-10-09,17,3,1,0,0,19.41,1927,2.891,0.944
2025-10-09 18:00:00,2025-10-09,18,3,1,0,0,19.82,0,0.0,0.883
2025-10-09 19:00:00,2025-10-09,19,3,1,0,0,18.39,0,-0.0,0.577
2025-10-09 20:00:00,2025-10-09,20,3,1,0,0,20.24,0,-0.0,0.183
2025-10-09 21:00:00,2025-10-09,21,3,1,0,0,19.64,0,-0.0,0.101
2025-10-09 22:00:00,2025-10-09,22,3,1,0,0,20.25,0,-0.0,0.428
2025-10-09 23:00:00,2025-10-09,23,3,1,0,0,20.03,0,-0.0,0.327
2025-10-10 00:00:00,2025-10-10,0,4,1,0,0,20.74,0,-0.0,0.127
2025-10-10 01:00:00,2025-10-10,1,4,1,0,0,22.0,0,-0.0,0.348
2025-10-10 02:00:00,2025-10-10,2,4,1,0,0,21.61,0,-0.0,0.304
2025-10-10 03:00:00,2025-10-10,3,4,1,0,0,23.03,0,-0.0,0.218
2025-10-10 04:00:00,2025-10-10,4,4,1,0,0,23.34,0,-0.0,0.147
2025-10-10 05:00:00,2025-10-10,5,4,1,0,0,23.93,0,-0.0,0.422
2025-10-10 06:00:00,2025-10-10,6,4,1,0,0,23.41,0,0.0,0.536
2025-10-10 07:00:00,2025-10-10,7,4,1,0,0,26.45,2188,3.283,0.505
2025-10-10 08:00:00,2025-10-10,8,4,1,0,0,24.91,4269,6.404,0.703
2025-10-10 09:00:00,2025-10-10,9,4,1,0,0,26.27,5091,7.637,0.972
2025-10-10 10:00:00,2025-10-10,10,4,1,1,1,25.88,8104,12.157,1.049
2025-10-10 11:00:00,2025-10-10,11,4,1,1,1,23.5,8574,12.862,1.09
2025-10-10 12:00:00,2025-10-10,12,4,1,1,5,23.02,8686,13.03,1.745
2025-10-10 13:00:00,2025-10-10,13,4,1,1,2,25.21,6350,9.526,1.36
2025-10-10 14:00:00,2025-10-10,14,4,1,1,4,23.78,7162,10.744,1.562
2025-10-10 15:00:00,2025-10-10,15,4,1,1,1,21.58,6077,9.116,1.157
2025-10-10 16:00:00,2025-10-10,16,4,1,1,1,21.09,4758,7.138,0.957
2025-10-10 17:00:00,2025-10-10,17,4,1,1,5,19.77,2322,3.483,1.875
2025-10-10 18:00:00,2025-10-10,18,4,1,0,0,20.16,0,0.0,0.94
2025-10-10 19:00:00,2025-10-10,19,4,1,0,0,18.95,0,-0.0,0.486
2025-10-10 20:00:00,2025-10-10,20,4,1,0,0,17.82,0,-0.0,0.398
2025-10-10 21:00:00,2025-10-10,21,4,1,1,2,18.5,0,-0.0,0.719
2025-10-10 22:00:00,2025-10-10,22,4,1,1,1,19.89,0,-0.0,0.593
2025-10-10 23:00:00,2025-10-10,23,4,1,0,0,19.46,0,-0.0,0.441
2025-10-11 00:00:00,2025-10-11,0,5,0,0,0,20.94,0,-0.0,0.327
2025-10-11 01:00:00,2025-10-11,1,5,0,0,0,20.86,0,-0.0,0.422
2025-10-11 02:00:00,2025-10-11,2,5,0,0,0,21.87,0,-0.0,0.299
2025-10-11 03:00:00,2025-10-11,3,5,0,0,0,23.95,0,-0.0,0.39
2025-10-11 04:00:00,2025-10-11,4,5,0,0,0,24.18,0,-0.0,0.306
2025-10-11 05:00:00,2025-10-11,5,5,0,0,0,24.58,0,-0.0,0.503
2025-10-11 06:00:00,2025-10-11,6,5,0,0,0,25.76,0,0.0,0.424
2025-10-11 07:00:00,2025-10-11,7,5,0,0,0,25.72,1800,2.7,0.719
2025-10-11 08:00:00,2025-10-11,8,5,0,0,0,26.57,4727,7.091,0.51
2025-10-11 09:00:00,2025-10-11,9,5,0,1,3,24.92,4842,7.264,0.752
2025-10-11 10:00:00,2025-10-11,10,5,0,0,0,24.63,7115,10.673,2.185
2025-10-11 11:00:00,2025-10-11,11,5,0,0,0,23.44,8097,12.146,0.34
2025-10-11 12:00:00,2025-10-11,12,5,0,0,0,23.5,7196,10.795,0.511
2025-10-11 13:00:00,2025-10-11,13,5,0,0,0,23.88,6756,10.135,0.326
2025-10-11 14:00:00,2025-10-11,14,5,0,0,0,23.37,7553,11.33,0.329
2025-10-11 15:00:00,2025-10-11,15,5,0,0,0,22.32,5528,8.293,0.138
2025-10-11 16:00:00,2025-10-11,16,5,0,0,0,19.4,4246,6.37,0.302
2025-10-11 17:00:00,2025-10-11,17,5,0,1,5,21.09,2422,3.633,0.811
2025-10-11 18:00:00,2025-10-11,18,5,0,0,0,18.29,0,0.0,0.16
2025-10-11 19:00:00,2025-10-11,19,5,0,0,0,20.19,0,-0.0,0.443
2025-10-11 20:00:00,2025-10-11,20,5,0,0,0,19.09,0,-0.0,0.451
2025-10-11 21:00:00,2025-10-11,21,5,0,0,0,20.06,0,-0.0,0.416
2025-10-11 22:00:00,2025-10-11,22,5,0,0,0,18.75,0,-0.0,0.259
2025-10-11 23:00:00,2025-10-11,23,5,0,0,0,21.24,0,-0.0,0.381
2025-10-12 00:00:00,2025-10-12,0,6,0,0,0,19.76,0,-0.0,0.25
2025-10-12 01:00:00,2025-10-12,1,6,0,0,0,21.13,0,-0.0,0.124
2025-10-12 02:00:00,2025-10-12,2,6,0,0,0,21.64,0,-0.0,0.455
2025-10-12 03:00:00,2025-10-12,3,6,0,0,0,21.8,0,-0.0,0.391
2025-10-12 04:00:00,2025-10-12,4,6,0,0,0,24.0,0,-0.0,0.287
2025-10-12 05:00:00,2025-10-12,5,6,0,0,0,25.97,0,-0.0,0.361
2025-10-12 06:00:00,2025-10-12,6,6,0,0,0,27.12,0,0.0,0.557
2025-10-12 07:00:00,2025-10-12,7,6,0,0,0,25.34,1720,2.58,0.25
2025-10-12 08:00:00,2025-10-12,8,6,0,0,0,26.24,4126,6.189,0.478
2025-10-12 09:00:00,2025-10-12,9,6,0,0,0,25.41,6356,9.534,0.402
2025-10-12 10:00:00,2025-10-12,10,6,0,0,0,25.3,7126,10.69,0.351
2025-10-12 11:00:00,2025-10-12,11,6,0,0,0,24.13,9420,14.13,0.402
2025-10-12 12:00:00,2025-10-12,12,6,0,0,0,23.93,8721,13.082,0.634
2025-10-12 13:00:00,2025-10-12,13,6,0,1,5,23.47,7525,11.288,1.223
2025-10-12 14:00:00,2025-10-12,14,6,0,1,3,21.79,7836,11.755,0.756
2025-10-12 15:00:00,2025-10-12,15,6,0,0,0,21.42,4724,7.087,0.433
2025-10-12 16:00:00,2025-10-12,16,6,0,0,0,20.71,4656,6.984,0.525
2025-10-12 17:00:00,2025-10-12,17,6,0,0,0,20.81,1979,2.969,0.463
2025-10-12 18:00:00,2025-10-12,18,6,0,0,0,18.83,0,0.0,0.357
2025-10-12 19:00:00,2025-10-12,19,6,0,0,0,19.35,0,-0.0,0.274
2025-10-12 20:00:00,2025-10-12,20,6,0,0,0,20.84,0,-0.0,0.44
2025-10-12 21:00:00,2025-10-12,21,6,0,0,0,20.36,0,-0.0,0.412
2025-10-12 22:00:00,2025-10-12,22,6,0,0,0,20.82,0,-0.0,0.482
2025-10-12 23:00:00,2025-10-12,23,6,0,0,0,20.25,0,-0.0,0.463
2025-10-13 00:00:00,2025-10-13,0,0,1,0,0,21.11,0,-0.0,0.376
2025-10-13 01:00:00,2025-10-13,1,0,1,0,0,22.38,0,-0.0,0.199
2025-10-13 02:00:00,2025-10-13,2,0,1,0,0,23.61,0,-0.0,0.445
2025-10-13 03:00:00,2025-10-13,3,0,1,0,0,21.57,0,-0.0,0.309
2025-10-13 04:00:00,2025-10-13,4,0,1,0,0,22.79,0,-0.0,0.542
2025-10-13 05:00:00,2025-10-13,5,0,1,0,0,25.49,0,-0.0,0.265
2025-10-13 06:00:00,2025-10-13,6,0,1,0,0,24.68,0,0.0,0.692
2025-10-13 07:00:00,2025-10-13,7,0,1,0,0,24.65,2435,3.653,0.505
2025-10-13 08:00:00,2025-10-13,8,0,1,0,0,24.26,4847,7.271,0.39
2025-10-13 09:00:00,2025-10-13,9,0,1,1,1,24.7,6690,10.036,1.161
2025-10-13 10:00:00,2025-10-13,10,0,1,1,4,23.7,7742,11.613,1.601
2025-10-13 11:00:00,2025-10-13,11,0,1,1,2,26.0,8392,12.588,1.424
2025-10-13 12:00:00,2025-10-13,12,0,1,1,2,23.67,8852,13.279,1.376
2025-10-13 13:00:00,2025-10-13,13,0,1,1,2,22.91,6847,10.271,1.218
2025-10-13 14:00:00,2025-10-13,14,0,1,1,5,22.64,6721,10.082,1.722
2025-10-13 15:00:00,2025-10-13,15,0,1,1,4,22.16,4697,7.047,1.822
2025-10-13 16:00:00,2025-10-13,16,0,1,1,1,21.43,4464,6.697,1.314
2025-10-13 17:00:00,2025-10-13,17,0,1,0,0,20.92,2026,3.04,1.004
2025-10-13 18:00:00,2025-10-13,18,0,1,0,0,19.09,0,0.0,0.955
2025-10-13 19:00:00,2025-10-13,19,0,1,0,0,19.07,0,-0.0,0.366
2025-10-13 20:00:00,2025-10-13,20,0,1,0,0,19.84,0,-0.0,0.43
2025-10-13 21:00:00,2025-10-13,21,0,1,0,0,18.91,0,-0.0,0.242
2025-10-13 22:00:00,2025-10-13,22,0,1,0,0,19.65,0,-0.0,0.344
2025-10-13 23:00:00,2025-10-13,23,0,1,0,0,20.46,0,-0.0,0.187
2025-10-14 00:00:00,2025-10-14,0,1,1,0,0,21.39,0,-0.0,0.298
2025-10-14 01:00:00,2025-10-14,1,1,1,0,0,20.07,0,-0.0,0.341
2025-10-14 02:00:00,2025-10-14,2,1,1,0,0,22.84,0,-0.0,0.217
2025-10-14 03:00:00,2025-10-14,3,1,1,0,0,22.85,0,-0.0,0.474
2025-10-14 04:00:00,2025-10-14,4,1,1,0,0,24.31,0,-0.0,0.172
2025-10-14 05:00:00,2025-10-14,5,1,1,0,0,24.98,0,-0.0,0.162
2025-10-14 06:00:00,2025-10-14,6,1,1,0,0,26.1,0,0.0,0.539
2025-10-14 07:00:00,2025-10-14,7,1,1,1,4,26.17,2001,3.003,1.237
2025-10-14 08:00:00,2025-10-14,8,1,1,0,0,26.25,3231,4.847,0.71
2025-10-14 09:00:00,2025-10-14,9,1,1,1,3,26.2,5057,7.587,1.494
2025-10-14 10:00:00,2025-10-14,10,1,1,1,3,24.96,6592,9.888,1.644
2025-10-14 11:00:00,2025-10-14,11,1,1,1,3,24.26,7200,10.801,1.483
2025-10-14 12:00:00,2025-10-14,12,1,1,1,2,24.29,8541,12.812,1.305
2025-10-14 13:00:00,2025-10-14,13,1,1,1,5,23.44,7314,10.972,1.852
2025-10-14 14:00:00,2025-10-14,14,1,1,0,0,21.83,7683,11.525,1.053
2025-10-14 15:00:00,2025-10-14,15,1,1,1,2,21.62,6121,9.182,1.075
2025-10-14 16:00:00,2025-10-14,16,1,1,1,3,20.55,3879,5.82,1.584
2025-10-14 17:00:00,2025-10-14,17,1,1,1,3,19.28,2224,3.337,1.567
2025-10-14 18:00:00,2025-10-14,18,1,1,0,0,20.53,0,0.0,0.875
2025-10-14 19:00:00,2025-10-14,19,1,1,1,1,19.25,0,-0.0,0.549
2025-10-14 20:00:00,2025-10-14,20,1,1,0,0,20.76,0,-0.0,0.416
2025-10-14 21:00:00,2025-10-14,21,1,1,0,0,17.94,0,-0.0,0.396
2025-10-14 22:00:00,2025-10-14,22,1,1,0,0,19.11,0,-0.0,0.309
2025-10-14 23:00:00,2025-10-14,23,1,1,0,0,20.06,0,-0.0,0.306
2025-10-15 00:00:00,2025-10-15,0,2,1,0,0,21.58,0,-0.0,0.247
2025-10-15 01:00:00,2025-10-15,1,2,1,0,0,21.71,0,-0.0,0.404
2025-10-15 02:00:00,2025-10-15,2,2,1,0,0,22.41,0,-0.0,0.34
2025-10-15 03:00:00,2025-10-15,3,2,1,0,0,22.03,0,-0.0,0.241
2025-10-15 04:00:00,2025-10-15,4,2,1,0,0,22.72,0,-0.0,0.386
2025-10-15 05:00:00,2025-10-15,5,2,1,0,0,24.51,0,-0.0,0.05
2025-10-15 06:00:00,2025-10-15,6,2,1,0,0,23.62,0,0.0,0.6
2025-10-15 07:00:00,2025-10-15,7,2,1,0,0,24.56,1750,2.626,0.271
2025-10-15 08:00:00,2025-10-15,8,2,1,0,0,25.47,3169,4.755,0.449
2025-10-15 09:00:00,2025-10-15,9,2,1,0,0,24.16,6102,9.154,0.924
2025-10-15 10:00:00,2025-10-15,10,2,1,1,2,25.91,8265,12.398,1.228
2025-10-15 11:00:00,2025-10-15,11,2,1,0,0,25.11,8078,12.118,1.194
2025-10-15 12:00:00,2025-10-15,12,2,1,1,3,22.23,9418,14.128,1.394
2025-10-15 13:00:00,2025-10-15,13,2,1,1,3,22.01,8165,12.248,3.68
2025-10-15 14:00:00,2025-10-15,14,2,1,1,2,20.14,7137,10.706,1.269
2025-10-15 15:00:00,2025-10-15,15,2,1,1,3,20.57,6388,9.583,1.472
2025-10-15 16:00:00,2025-10-15,16,2,1,1,1,21.09,3972,5.959,1.116
2025-10-15 17:00:00,2025-10-15,17,2,1,1,2,19.53,2032,3.049,1.098
2025-10-15 18:00:00,2025-10-15,18,2,1,0,0,19.76,0,0.0,1.07
2025-10-15 19:00:00,2025-10-15,19,2,1,0,0,17.89,0,-0.0,0.292
2025-10-15 20:00:00,2025-10-15,20,2,1,0,0,19.66,0,-0.0,0.17
2025-10-15 21:00:00,2025-10-15,21,2,1,0,0,18.69,0,-0.0,0.313
2025-10-15 22:00:00,2025-10-15,22,2,1,0,0,19.46,0,-0.0,0.555
2025-10-15 23:00:00,2025-10-15,23,2,1,1,3,19.86,0,-0.0,0.939
2025-10-16 00:00:00,2025-10-16,0,3,1,0,0,19.54,0,-0.0,0.208
2025-10-16 01:00:00,2025-10-16,1,3,1,0,0,20.37,0,-0.0,0.221
2025-10-16 02:00:00,2025-10-16,2,3,1,0,0,22.84,0,-0.0,0.236
2025-10-16 03:00:00,2025-10-16,3,3,1,0,0,23.15,0,-0.0,0.538
2025-10-16 04:00:00,2025-10-16,4,3,1,0,0,24.38,0,-0.0,0.367
2025-10-16 05:00:00,2025-10-16,5,3,1,0,0,24.41,0,-0.0,0.378
2025-10-16 06:00:00,2025-10-16,6,3,1,0,0,24.72,0,0.0,0.608
2025-10-16 07:00:00,2025-10-16,7,3,1,0,0,23.5,2246,3.37,0.487
2025-10-16 08:00:00,2025-10-16,8,3,1,0,0,24.75,3393,5.091,0.447
2025-10-16 09:00:00,2025-10-16,9,3,1,0,0,24.82,6484,9.726,1.048
2025-10-16 10:00:00,2025-10-16,10,3,1,1,2,26.08,7709,11.565,1.378
2025-10-16 11:00:00,2025-10-16,11,3,1,1,4,24.57,9319,13.979,1.64
2025-10-16 12:00:00,2025-10-16,12,3,1,1,4,24.61,8049,12.074,1.72
2025-10-16 13:00:00,2025-10-16,13,3,1,1,2,23.13,8564,12.846,1.296
2025-10-16 14:00:00,2025-10-16,14,3,1,0,0,21.3,6898,10.347,1.063
2025-10-16 15:00:00,2025-10-16,15,3,1,1,4,21.18,6024,9.036,1.555
2025-10-16 16:00:00,2025-10-16,16,3,1,1,2,20.56,3840,5.76,1.266
2025-10-16 17:00:00,2025-10-16,17,3,1,1,1,19.0,1902,2.854,0.862
2025-10-16 18:00:00,2025-10-16,18,3,1,0,0,18.98,0,0.0,1.06
2025-10-16 19:00:00,2025-10-16,19,3,1,0,0,18.84,0,-0.0,0.393
2025-10-16 20:00:00,2025-10-16,20,3,1,0,0,20.2,0,-0.0,0.476
2025-10-16 21:00:00,2025-10-16,21,3,1,0,0,17.37,0,-0.0,0.05
2025-10-16 22:00:00,2025-10-16,22,3,1,0,0,20.31,0,-0.0,0.626
2025-10-16 23:00:00,2025-10-16,23,3,1,0,0,19.08,0,-0.0,0.37
2025-10-17 00:00:00,2025-10-17,0,4,1,0,0,19.36,0,-0.0,0.383
2025-10-17 01:00:00,2025-10-17,1,4,1,0,0,22.13,0,-0.0,0.138
2025-10-17 02:00:00,2025-10-17,2,4,1,0,0,22.54,0,-0.0,0.349
2025-10-17 03:00:00,2025-10-17,3,4,1,0,0,23.73,0,-0.0,0.174
2025-10-17 04:00:00,2025-10-17,4,4,1,0,0,24.08,0,-0.0,0.24
2025-10-17 05:00:00,2025-10-17,5,4,1,0,0,25.69,0,-0.0,0.582
2025-10-17 06:00:00,2025-10-17,6,4,1,0,0,24.95,0,0.0,0.466
2025-10-17 07:00:00,2025-10-17,7,4,1,0,0,24.66,2493,3.741,0.508
2025-10-17 08:00:00,2025-10-17,8,4,1,0,0,25.14,3669,5.504,0.59
2025-10-17 09:00:00,2025-10-17,9,4,1,1,3,25.73,5980,8.97,1.599
2025-10-17 10:00:00,2025-10-17,10,4,1,1,3,23.79,8210,12.316,1.509
2025-10-17 11:00:00,2025-10-17,11,4,1,1,3,23.4,8590,12.885,1.515
2025-10-17 12:00:00,2025-10-17,12,4,1,1,3,23.04,8271,12.407,1.739
2025-10-17 13:00:00,2025-10-17,13,4,1,1,4,20.87,7590,11.386,1.58
2025-10-17 14:00:00,2025-10-17,14,4,1,1,2,21.88,7215,10.824,1.299
2025-10-17 15:00:00,2025-10-17,15,4,1,0,0,19.48,5461,8.192,1.091
2025-10-17 16:00:00,2025-10-17,16,4,1,1,3,20.31,4032,6.049,1.539
2025-10-17 17:00:00,2025-10-17,17,4,1,1,4,20.35,1739,2.609,1.694
2025-10-17 18:00:00,2025-10-17,18,4,1,0,0,18.81,0,0.0,1.027
2025-10-17 19:00:00,2025-10-17,19,4,1,0,0,20.24,0,-0.0,0.215
2025-10-17 20:00:00,2025-10-17,20,4,1,0,0,17.65,0,-0.0,0.553
2025-10-17 21:00:00,2025-10-17,21,4,1,0,0,19.88,0,-0.0,0.227
2025-10-17 22:00:00,2025-10-17,22,4,1,0,0,19.78,0,-0.0,0.411
2025-10-17 23:00:00,2025-10-17,23,4,1,0,0,18.36,0,-0.0,0.297
2025-10-18 00:00:00,2025-10-18,0,5,0,0,0,22.53,0,-0.0,0.242
2025-10-18 01:00:00,2025-10-18,1,5,0,0,0,21.03,0,-0.0,0.302
2025-10-18 02:00:00,2025-10-18,2,5,0,0,0,21.16,0,-0.0,0.314
2025-10-18 03:00:00,2025-10-18,3,5,0,0,0,21.5,0,-0.0,0.336
2025-10-18 04:00:00,2025-10-18,4,5,0,0,0,23.17,0,-0.0,0.49
2025-10-18 05:00:00,2025-10-18,5,5,0,0,0,23.85,0,-0.0,0.37
2025-10-18 06:00:00,2025-10-18,6,5,0,0,0,24.49,0,0.0,0.45
2025-10-18 07:00:00,2025-10-18,7,5,0,0,0,24.45,1949,2.924,0.593
2025-10-18 08:00:00,2025-10-18,8,5,0,0,0,25.27,4050,6.076,0.631
2025-10-18 09:00:00,2025-10-18,9,5,0,0,0,24.33,6708,10.063,0.315
2025-10-18 10:00:00,2025-10-18,10,5,0,0,0,22.77,6638,9.958,0.497
2025-10-18 11:00:00,2025-10-18,11,5,0,0,0,23.7,7753,11.631,0.511
2025-10-18 12:00:00,2025-10-18,12,5,0,0,0,21.29,8854,13.281,0.364
2025-10-18 13:00:00,2025-10-18,13,5,0,0,0,22.74,6868,10.303,0.552
2025-10-18 14:00:00,2025-10-18,14,5,0,0,0,20.89,7697,11.546,0.357
2025-10-18 15:00:00,2025-10-18,15,5,0,0,0,21.02,6234,9.352,0.38
2025-10-18 16:00:00,2025-10-18,16,5,0,0,0,21.23,4039,6.059,0.336
2025-10-18 17:00:00,2025-10-18,17,5,0,0,0,18.8,2047,3.071,0.354
2025-10-18 18:00:00,2025-10-18,18,5,0,0,0,19.94,0,0.0,0.218
2025-10-18 19:00:00,2025-10-18,19,5,0,1,2,18.46,0,-0.0,0.479
2025-10-18 20:00:00,2025-10-18,20,5,0,0,0,20.12,0,-0.0,0.548
2025-10-18 21:00:00,2025-10-18,21,5,0,0,0,18.55,0,-0.0,0.263
2025-10-18 22:00:00,2025-10-18,22,5,0,0,0,18.48,0,-0.0,0.256
2025-10-18 23:00:00,2025-10-18,23,5,0,0,0,20.19,0,-0.0,0.129
2025-10-19 00:00:00,2025-10-19,0,6,0,0,0,19.92,0,-0.0,0.173
2025-10-19 01:00:00,2025-10-19,1,6,0,0,0,20.32,0,-0.0,0.104
2025-10-19 02:00:00,2025-10-19,2,6,0,0,0,21.39,0,-0.0,0.472
2025-10-19 03:00:00,2025-10-19,3,6,0,0,0,22.5,0,-0.0,0.407
2025-10-19 04:00:00,2025-10-19,4,6,0,0,0,24.33,0,-0.0,0.237
2025-10-19 05:00:00,2025-10-19,5,6,0,0,0,22.31,0,-0.0,0.569
2025-10-19 06:00:00,2025-10-19,6,6,0,0,0,24.34,0,0.0,0.595
2025-10-19 07:00:00,2025-10-19,7,6,0,0,0,25.1,2430,3.646,0.451
2025-10-19 08:00:00,2025-10-19,8,6,0,0,0,24.83,4543,6.816,0.18
2025-10-19 09:00:00,2025-10-19,9,6,0,0,0,25.6,5751,8.627,0.762
2025-10-19 10:00:00,2025-10-19,10,6,0,0,0,24.17,7475,11.214,0.282
2025-10-19 11:00:00,2025-10-19,11,6,0,0,0,23.59,7080,10.621,0.227
2025-10-19 12:00:00,2025-10-19,12,6,0,0,0,23.58,8712,13.069,0.534
2025-10-19 13:00:00,2025-10-19,13,6,0,0,0,22.45,8619,12.93,0.68
2025-10-19 14:00:00,2025-10-19,14,6,0,0,0,21.28,8431,12.647,0.541
2025-10-19 15:00:00,2025-10-19,15,6,0,0,0,21.22,5403,8.106,0.432
2025-10-19 16:00:00,2025-10-19,16,6,0,0,0,19.57,3287,4.931,0.428
2025-10-19 17:00:00,2025-10-19,17,6,0,0,0,18.99,2031,3.047,0.454
2025-10-19 18:00:00,2025-10-19,18,6,0,0,0,18.59,0,0.0,0.441
2025-10-19 19:00:00,2025-10-19,19,6,0,0,0,19.81,0,-0.0,0.385
2025-10-19 20:00:00,2025-10-19,20,6,0,0,0,16.06,0,-0.0,0.369
2025-10-19 21:00:00,2025-10-19,21,6,0,0,0,19.08,0,-0.0,0.357
2025-10-19 22:00:00,2025-10-19,22,6,0,0,0,19.1,0,-0.0,0.285
2025-10-19 23:00:00,2025-10-19,23,6,0,0,0,18.22,0,-0.0,0.353
2025-10-20 00:00:00,2025-10-20,0,0,1,0,0,20.44,0,-0.0,0.05
2025-10-20 01:00:00,2025-10-20,1,0,1,0,0,21.3,0,-0.0,0.251
2025-10-20 02:00:00,2025-10-20,2,0,1,0,0,22.17,0,-0.0,0.156
2025-10-20 03:00:00,2025-10-20,3,0,1,0,0,20.34,0,-0.0,0.153
2025-10-20 04:00:00,2025-10-20,4,0,1,0,0,24.27,0,-0.0,0.34
2025-10-20 05:00:00,2025-10-20,5,0,1,0,0,23.19,0,-0.0,0.469
2025-10-20 06:00:00,2025-10-20,6,0,1,0,0,24.79,0,0.0,0.596
2025-10-20 07:00:00,2025-10-20,7,0,1,0,0,25.12,2468,3.703,0.302
2025-10-20 08:00:00,2025-10-20,8,0,1,0,0,23.9,3970,5.956,0.343
2025-10-20 09:00:00,2025-10-20,9,0,1,1,4,25.01,6100,9.151,1.788
2025-10-20 10:00:00,2025-10-20,10,0,1,1,4,23.85,7844,11.767,1.524
2025-10-20 11:00:00,2025-10-20,11,0,1,1,3,22.01,7178,10.767,1.436
2025-10-20 12:00:00,2025-10-20,12,0,1,1,4,23.97,9342,14.014,1.685
2025-10-20 13:00:00,2025-10-20,13,0,1,1,1,21.68,9097,13.647,1.021
2025-10-20 14:00:00,2025-10-20,14,0,1,1,3,20.84,7323,10.986,1.438
2025-10-20 15:00:00,2025-10-20,15,0,1,1,3,20.42,5653,8.48,1.255
2025-10-20 16:00:00,2025-10-20,16,0,1,1,5,20.24,3440,5.161,1.635
2025-10-20 17:00:00,2025-10-20,17,0,1,1,3,19.37,2353,3.53,1.44
2025-10-20 18:00:00,2025-10-20,18,0,1,0,0,19.39,0,0.0,0.759
2025-10-20 19:00:00,2025-10-20,19,0,1,0,0,17.59,0,-0.0,0.405
2025-10-20 20:00:00,2025-10-20,20,0,1,0,0,17.98,0,-0.0,0.354
2025-10-20 21:00:00,2025-10-20,21,0,1,0,0,18.6,0,-0.0,0.431
2025-10-20 22:00:00,2025-10-20,22,0,1,0,0,20.53,0,-0.0,0.402
2025-10-20 23:00:00,2025-10-20,23,0,1,0,0,19.41,0,-0.0,0.551
2025-10-21 00:00:00,2025-10-21,0,1,1,0,0,21.0,0,-0.0,0.265
2025-10-21 01:00:00,2025-10-21,1,1,1,0,0,20.89,0,-0.0,0.211
2025-10-21 02:00:00,2025-10-21,2,1,1,0,0,21.25,0,-0.0,0.29
2025-10-21 03:00:00,2025-10-21,3,1,1,0,0,22.21,0,-0.0,0.351
2025-10-21 04:00:00,2025-10-21,4,1,1,0,0,22.98,0,-0.0,0.299
2025-10-21 05:00:00,2025-10-21,5,1,1,0,0,24.21,0,-0.0,0.327
2025-10-21 06:00:00,2025-10-21,6,1,1,1,3,25.29,0,0.0,0.861
2025-10-21 07:00:00,2025-10-21,7,1,1,0,0,24.76,1989,2.985,0.404
2025-10-21 08:00:00,2025-10-21,8,1,1,0,0,25.5,4662,6.994,0.325
2025-10-21 09:00:00,2025-10-21,9,1,1,1,1,23.66,5364,8.046,1.408
2025-10-21 10:00:00,2025-10-21,10,1,1,1,3,23.78,6644,9.967,1.341
2025-10-21 11:00:00,2025-10-21,11,1,1,1,4,23.04,8854,13.282,1.531
2025-10-21 12:00:00,2025-10-21,12,1,1,1,3,23.23,7071,10.607,1.368
2025-10-21 13:00:00,2025-10-21,13,1,1,1,2,21.96,8244,12.366,1.394
2025-10-21 14:00:00,2025-10-21,14,1,1,1,2,22.05,8308,12.463,1.24
2025-10-21 15:00:00,2025-10-21,15,1,1,1,5,19.95,6320,9.48,1.864
2025-10-21 16:00:00,2025-10-21,16,1,1,0,0,20.01,4350,6.525,0.876
2025-10-21 17:00:00,2025-10-21,17,1,1,1,2,19.91,2388,3.582,1.285
2025-10-21 18:00:00,2025-10-21,18,1,1,0,0,17.25,0,0.0,0.85
2025-10-21 19:00:00,2025-10-21,19,1,1,0,0,20.31,0,-0.0,0.609
2025-10-21 20:00:00,2025-10-21,20,1,1,0,0,18.3,0,-0.0,0.214
2025-10-21 21:00:00,2025-10-21,21,1,1,0,0,17.03,0,-0.0,0.402
2025-10-21 22:00:00,2025-10-21,22,1,1,0,0,19.09,0,-0.0,0.451
2025-10-21 23:00:00,2025-10-21,23,1,1,0,0,19.48,0,-0.0,0.437
2025-10-22 00:00:00,2025-10-22,0,2,1,0,0,20.02,0,-0.0,0.228
2025-10-22 01:00:00,2025-10-22,1,2,1,0,0,21.61,0,-0.0,0.247
2025-10-22 02:00:00,2025-10-22,2,2,1,0,0,22.19,0,-0.0,0.28
2025-10-22 03:00:00,2025-10-22,3,2,1,1,4,22.6,0,-0.0,0.868
2025-10-22 04:00:00,2025-10-22,4,2,1,0,0,23.44,0,-0.0,0.418
2025-10-22 05:00:00,2025-10-22,5,2,1,0,0,23.61,0,-0.0,0.576
2025-10-22 06:00:00,2025-10-22,6,2,1,0,0,25.57,0,0.0,0.435
2025-10-22 07:00:00,2025-10-22,7,2,1,0,0,23.25,1650,2.476,0.289
2025-10-22 08:00:00,2025-10-22,8,2,1,0,0,24.63,3729,5.594,0.465
2025-10-22 09:00:00,2025-10-22,9,2,1,1,3,24.44,3990,5.985,1.824
2025-10-22 10:00:00,2025-10-22,10,2,1,1,4,24.73,8114,12.172,1.563
2025-10-22 11:00:00,2025-10-22,11,2,1,1,2,22.91,9250,13.876,1.51
2025-10-22 12:00:00,2025-10-22,12,2,1,0,0,21.55,8395,12.594,1.201
2025-10-22 13:00:00,2025-10-22,13,2,1,1,2,22.34,8957,13.437,1.221
2025-10-22 14:00:00,2025-10-22,14,2,1,1,1,21.66,6930,10.395,1.193
2025-10-22 15:00:00,2025-10-22,15,2,1,1,3,21.86,6299,9.449,1.61
2025-10-22 16:00:00,2025-10-22,16,2,1,1,1,18.93,4773,7.16,1.061
2025-10-22 17:00:00,2025-10-22,17,2,1,1,5,20.26,2026,3.04,1.677
2025-10-22 18:00:00,2025-10-22,18,2,1,0,0,20.77,0,0.0,0.88
2025-10-22 19:00:00,2025-10-22,19,2,1,0,0,18.29,0,-0.0,0.23
2025-10-22 20:00:00,2025-10-22,20,2,1,0,0,17.47,0,-0.0,0.279
2025-10-22 21:00:00,2025-10-22,21,2,1,0,0,18.3,0,-0.0,0.218
2025-10-22 22:00:00,2025-10-22,22,2,1,0,0,18.95,0,-0.0,0.379
2025-10-22 23:00:00,2025-10-22,23,2,1,1,3,19.88,0,-0.0,0.745
2025-10-23 00:00:00,2025-10-23,0,3,1,0,0,19.59,0,-0.0,0.278
2025-10-23 01:00:00,2025-10-23,1,3,1,0,0,22.04,0,-0.0,0.076
2025-10-23 02:00:00,2025-10-23,2,3,1,0,0,20.68,0,-0.0,0.315
2025-10-23 03:00:00,2025-10-23,3,3,1,0,0,20.95,0,-0.0,0.385
2025-10-23 04:00:00,2025-10-23,4,3,1,0,0,23.95,0,-0.0,0.073
2025-10-23 05:00:00,2025-10-23,5,3,1,0,0,21.85,0,-0.0,0.343
2025-10-23 06:00:00,2025-10-23,6,3,1,0,0,23.97,0,0.0,0.617
2025-10-23 07:00:00,2025-10-23,7,3,1,0,0,26.91,2302,3.453,0.381
2025-10-23 08:00:00,2025-10-23,8,3,1,0,0,24.49,3604,5.407,0.674
2025-10-23 09:00:00,2025-10-23,9,3,1,1,4,23.48,6630,9.946,1.695
2025-10-23 10:00:00,2025-10-23,10,3,1,1,2,24.02,7142,10.714,1.261
2025-10-23 11:00:00,2025-10-23,11,3,1,1,5,23.53,8471,12.708,1.767
2025-10-23 12:00:00,2025-10-23,12,3,1,1,1,23.07,6522,9.784,1.218
2025-10-23 13:00:00,2025-10-23,13,3,1,1,6,22.74,9103,13.655,1.896
2025-10-23 14:00:00,2025-10-23,14,3,1,1,3,20.6,8079,12.119,1.49
2025-10-23 15:00:00,2025-10-23,15,3,1,1,2,22.01,6597,9.896,1.154
2025-10-23 16:00:00,2025-10-23,16,3,1,1,2,20.14,4542,6.813,1.277
2025-10-23 17:00:00,2025-10-23,17,3,1,1,2,19.91,2263,3.396,1.082
2025-10-23 18:00:00,2025-10-23,18,3,1,0,0,18.37,0,0.0,0.937
2025-10-23 19:00:00,2025-10-23,19,3,1,0,0,19.61,0,-0.0,0.243
2025-10-23 20:00:00,2025-10-23,20,3,1,0,0,18.3,0,-0.0,0.268
2025-10-23 21:00:00,2025-10-23,21,3,1,0,0,18.84,0,-0.0,0.513
2025-10-23 22:00:00,2025-10-23,22,3,1,0,0,18.19,0,-0.0,0.506
2025-10-23 23:00:00,2025-10-23,23,3,1,0,0,18.63,0,-0.0,0.46
2025-10-24 00:00:00,2025-10-24,0,4,1,0,0,20.62,0,-0.0,0.119
2025-10-24 01:00:00,2025-10-24,1,4,1,0,0,20.44,0,-0.0,0.225
2025-10-24 02:00:00,2025-10-24,2,4,1,0,0,20.89,0,-0.0,0.421
2025-10-24 03:00:00,2025-10-24,3,4,1,0,0,21.83,0,-0.0,0.302
2025-10-24 04:00:00,2025-10-24,4,4,1,0,0,23.62,0,-0.0,0.584
2025-10-24 05:00:00,2025-10-24,5,4,1,0,0,23.17,0,-0.0,0.349
2025-10-24 06:00:00,2025-10-24,6,4,1,0,0,24.04,0,0.0,0.494
2025-10-24 07:00:00,2025-10-24,7,4,1,0,0,24.43,1701,2.553,0.44
2025-10-24 08:00:00,2025-10-24,8,4,1,0,0,22.97,4789,7.184,0.459
2025-10-24 09:00:00,2025-10-24,9,4,1,0,0,23.21,5981,8.973,1.021
2025-10-24 10:00:00,2025-10-24,10,4,1,1,4,24.34,7730,11.596,1.737
2025-10-24 11:00:00,2025-10-24,11,4,1,1,4,22.99,7036,10.554,1.728
2025-10-24 12:00:00,2025-10-24,12,4,1,1,4,23.79,9544,14.316,1.522
2025-10-24 13:00:00,2025-10-24,13,4,1,1,1,22.99,8510,12.765,0.977
2025-10-24 14:00:00,2025-10-24,14,4,1,1,2,22.02,6211,9.317,1.055
2025-10-24 15:00:00,2025-10-24,15,4,1,1,3,22.13,6245,9.368,1.476
2025-10-24 16:00:00,2025-10-24,16,4,1,1,2,19.89,4140,6.21,1.124
2025-10-24 17:00:00,2025-10-24,17,4,1,1,5,19.86,2476,3.715,1.443
2025-10-24 18:00:00,2025-10-24,18,4,1,0,0,18.42,0,0.0,0.997
2025-10-24 19:00:00,2025-10-24,19,4,1,0,0,20.56,0,-0.0,0.651
2025-10-24 20:00:00,2025-10-24,20,4,1,0,0,20.11,0,-0.0,0.356
2025-10-24 21:00:00,2025-10-24,21,4,1,0,0,18.65,0,-0.0,0.465
2025-10-24 22:00:00,2025-10-24,22,4,1,0,0,19.27,0,-0.0,0.385
2025-10-24 23:00:00,2025-10-24,23,4,1,0,0,20.54,0,-0.0,0.375
2025-10-25 00:00:00,2025-10-25,0,5,0,0,0,19.97,0,-0.0,0.36
2025-10-25 01:00:00,2025-10-25,1,5,0,0,0,20.29,0,-0.0,0.228
2025-10-25 02:00:00,2025-10-25,2,5,0,0,0,22.3,0,-0.0,0.307
2025-10-25 03:00:00,2025-10-25,3,5,0,0,0,22.44,0,-0.0,0.324
2025-10-25 04:00:00,2025-10-25,4,5,0,0,0,23.24,0,-0.0,0.218
2025-10-25 05:00:00,2025-10-25,5,5,0,1,4,23.04,0,-0.0,1.018
2025-10-25 06:00:00,2025-10-25,6,5,0,0,0,22.79,0,0.0,0.429
2025-10-25 07:00:00,2025-10-25,7,5,0,0,0,24.64,1958,2.938,0.39
2025-10-25 08:00:00,2025-10-25,8,5,0,0,0,25.26,4777,7.166,0.553
2025-10-25 09:00:00,2025-10-25,9,5,0,0,0,24.24,6611,9.917,0.352
2025-10-25 10:00:00,2025-10-25,10,5,0,0,0,25.25,6483,9.726,0.473
2025-10-25 11:00:00,2025-10-25,11,5,0,0,0,23.05,8291,12.437,0.413
2025-10-25 12:00:00,2025-10-25,12,5,0,0,0,22.14,7763,11.646,0.53
2025-10-25 13:00:00,2025-10-25,13,5,0,0,0,22.2,6525,9.788,0.444
2025-10-25 14:00:00,2025-10-25,14,5,0,0,0,21.41,6554,9.832,0.372
2025-10-25 15:00:00,2025-10-25,15,5,0,0,0,21.32,6466,9.7,0.463
2025-10-25 16:00:00,2025-10-25,16,5,0,0,0,19.37,4212,6.318,0.524
2025-10-25 17:00:00,2025-10-25,17,5,0,0,0,20.48,1475,2.214,0.419
2025-10-25 18:00:00,2025-10-25,18,5,0,0,0,20.5,0,0.0,0.351
2025-10-25 19:00:00,2025-10-25,19,5,0,0,0,18.61,0,-0.0,0.194
2025-10-25 20:00:00,2025-10-25,20,5,0,0,0,19.56,0,-0.0,0.229
2025-10-25 21:00:00,2025-10-25,21,5,0,0,0,17.84,0,-0.0,0.328
2025-10-25 22:00:00,2025-10-25,22,5,0,0,0,19.86,0,-0.0,0.302
2025-10-25 23:00:00,2025-10-25,23,5,0,0,0,20.33,0,-0.0,0.365
2025-10-26 00:00:00,2025-10-26,0,6,0,0,0,20.82,0,-0.0,0.257
2025-10-26 01:00:00,2025-10-26,1,6,0,0,0,20.85,0,-0.0,0.327
2025-10-26 02:00:00,2025-10-26,2,6,0,0,0,19.28,0,-0.0,0.267
2025-10-26 03:00:00,2025-10-26,3,6,0,0,0,21.9,0,-0.0,0.344
2025-10-26 04:00:00,2025-10-26,4,6,0,0,0,22.64,0,-0.0,0.301
2025-10-26 05:00:00,2025-10-26,5,6,0,0,0,22.97,0,-0.0,0.061
2025-10-26 06:00:00,2025-10-26,6,6,0,0,0,24.31,0,0.0,0.364
2025-10-26 07:00:00,2025-10-26,7,6,0,0,0,24.16,2390,3.585,0.454
2025-10-26 08:00:00,2025-10-26,8,6,0,0,0,23.92,4511,6.767,0.317
2025-10-26 09:00:00,2025-10-26,9,6,0,0,0,23.62,5472,8.209,0.52
2025-10-26 10:00:00,2025-10-26,10,6,0,0,0,23.58,7920,11.881,0.62
2025-10-26 11:00:00,2025-10-26,11,6,0,0,0,24.56,9069,13.604,0.59
2025-10-26 12:00:00,2025-10-26,12,6,0,0,0,22.5,8122,12.183,0.374
2025-10-26 13:00:00,2025-10-26,13,6,0,0,0,21.89,5613,8.42,0.566
2025-10-26 14:00:00,2025-10-26,14,6,0,0,0,21.16,7768,11.653,0.393
2025-10-26 15:00:00,2025-10-26,15,6,0,0,0,21.03,5660,8.49,0.324
2025-10-26 16:00:00,2025-10-26,16,6,0,0,0,20.41,3851,5.778,0.283
2025-10-26 17:00:00,2025-10-26,17,6,0,0,0,17.0,2332,3.498,0.315
2025-10-26 18:00:00,2025-10-26,18,6,0,0,0,19.8,0,0.0,0.303
2025-10-26 19:00:00,2025-10-26,19,6,0,0,0,19.85,0,-0.0,0.372
2025-10-26 20:00:00,2025-10-26,20,6,0,0,0,17.78,0,-0.0,0.376
2025-10-26 21:00:00,2025-10-26,21,6,0,0,0,17.96,0,-0.0,0.365
2025-10-26 22:00:00,2025-10-26,22,6,0,0,0,18.7,0,-0.0,0.427
2025-10-26 23:00:00,2025-10-26,23,6,0,0,0,18.95,0,-0.0,0.53
2025-10-27 00:00:00,2025-10-27,0,0,1,0,0,20.37,0,-0.0,0.364
2025-10-27 01:00:00,2025-10-27,1,0,1,0,0,19.37,0,-0.0,0.085
2025-10-27 02:00:00,2025-10-27,2,0,1,0,0,20.81,0,-0.0,0.05
2025-10-27 03:00:00,2025-10-27,3,0,1,0,0,23.71,0,-0.0,0.412
2025-10-27 04:00:00,2025-10-27,4,0,1,0,0,22.46,0,-0.0,0.129
2025-10-27 05:00:00,2025-10-27,5,0,1,0,0,24.81,0,-0.0,0.308
2025-10-27 06:00:00,2025-10-27,6,0,1,0,0,24.56,0,0.0,0.341
2025-10-27 07:00:00,2025-10-27,7,0,1,0,0,23.12,2091,3.138,0.234
2025-10-27 08:00:00,2025-10-27,8,0,1,0,0,25.16,4354,6.532,0.551
2025-10-27 09:00:00,2025-10-27,9,0,1,1,4,24.44,5893,8.84,1.755
2025-10-27 10:00:00,2025-10-27,10,0,1,1,2,23.86,7734,11.602,1.273
2025-10-27 11:00:00,2025-10-27,11,0,1,1,3,23.93,7964,11.947,1.171
2025-10-27 12:00:00,2025-10-27,12,0,1,1,4,23.48,9278,13.918,1.544
2025-10-27 13:00:00,2025-10-27,13,0,1,1,2,22.94,7926,11.889,1.334
2025-10-27 14:00:00,2025-10-27,14,0,1,1,1,22.54,7650,11.475,0.948
2025-10-27 15:00:00,2025-10-27,15,0,1,1,3,21.16,5605,8.408,1.437
2025-10-27 16:00:00,2025-10-27,16,0,1,1,4,19.02,4480,6.72,1.555
2025-10-27 17:00:00,2025-10-27,17,0,1,1,3,19.13,1970,2.955,1.471
2025-10-27 18:00:00,2025-10-27,18,0,1,0,0,21.41,0,0.0,0.964
2025-10-27 19:00:00,2025-10-27,19,0,1,1,1,19.35,0,-0.0,0.385
2025-10-27 20:00:00,2025-10-27,20,0,1,0,0,20.59,0,-0.0,0.5
2025-10-27 21:00:00,2025-10-27,21,0,1,0,0,19.93,0,-0.0,0.346
2025-10-27 22:00:00,2025-10-27,22,0,1,0,0,19.33,0,-0.0,0.372
2025-10-27 23:00:00,2025-10-27,23,0,1,0,0,19.87,0,-0.0,0.275
2025-10-28 00:00:00,2025-10-28,0,1,1,0,0,20.24,0,-0.0,0.197
2025-10-28 01:00:00,2025-10-28,1,1,1,0,0,19.61,0,-0.0,0.157
2025-10-28 02:00:00,2025-10-28,2,1,1,0,0,21.8,0,-0.0,0.254
2025-10-28 03:00:00,2025-10-28,3,1,1,0,0,23.53,0,-0.0,0.501
2025-10-28 04:00:00,2025-10-28,4,1,1,0,0,22.8,0,-0.0,0.129
2025-10-28 05:00:00,2025-10-28,5,1,1,0,0,24.22,0,-0.0,0.129
2025-10-28 06:00:00,2025-10-28,6,1,1,0,0,25.04,0,0.0,0.667
2025-10-28 07:00:00,2025-10-28,7,1,1,0,0,23.92,2204,3.307,0.442
2025-10-28 08:00:00,2025-10-28,8,1,1,0,0,24.37,4478,6.718,0.39
2025-10-28 09:00:00,2025-10-28,9,1,1,0,0,23.8,5045,7.569,1.176
2025-10-28 10:00:00,2025-10-28,10,1,1,1,2,23.65,8281,12.422,1.265
2025-10-28 11:00:00,2025-10-28,11,1,1,1,3,22.79,8093,12.14,1.682
2025-10-28 12:00:00,2025-10-28,12,1,1,1,1,22.47,8492,12.739,1.231
2025-10-28 13:00:00,2025-10-28,13,1,1,1,3,23.6,9323,13.986,1.39
2025-10-28 14:00:00,2025-10-28,14,1,1,1,2,20.95,6934,10.402,1.534
2025-10-28 15:00:00,2025-10-28,15,1,1,1,4,21.02,6052,9.079,1.492
2025-10-28 16:00:00,2025-10-28,16,1,1,1,4,19.8,3863,5.795,1.646
2025-10-28 17:00:00,2025-10-28,17,1,1,1,3,20.54,2477,3.717,1.438
2025-10-28 18:00:00,2025-10-28,18,1,1,0,0,20.19,0,0.0,1.106
2025-10-28 19:00:00,2025-10-28,19,1,1,0,0,19.55,0,-0.0,0.539
2025-10-28 20:00:00,2025-10-28,20,1,1,0,0,19.03,0,-0.0,0.361
2025-10-28 21:00:00,2025-10-28,21,1,1,0,0,18.72,0,-0.0,0.274
2025-10-28 22:00:00,2025-10-28,22,1,1,0,0,18.27,0,-0.0,0.43
2025-10-28 23:00:00,2025-10-28,23,1,1,0,0,21.28,0,-0.0,0.306
2025-10-29 00:00:00,2025-10-29,0,2,1,0,0,19.75,0,-0.0,0.492
2025-10-29 01:00:00,2025-10-29,1,2,1,0,0,21.62,0,-0.0,0.279
2025-10-29 02:00:00,2025-10-29,2,2,1,0,0,22.72,0,-0.0,0.231
2025-10-29 03:00:00,2025-10-29,3,2,1,0,0,22.21,0,-0.0,0.308
2025-10-29 04:00:00,2025-10-29,4,2,1,0,0,24.2,0,-0.0,0.156
2025-10-29 05:00:00,2025-10-29,5,2,1,0,0,24.6,0,-0.0,0.214
2025-10-29 06:00:00,2025-10-29,6,2,1,0,0,25.84,0,0.0,0.651
2025-10-29 07:00:00,2025-10-29,7,2,1,0,0,24.36,2068,3.102,0.397
2025-10-29 08:00:00,2025-10-29,8,2,1,0,0,23.8,3927,5.891,0.334
2025-10-29 09:00:00,2025-10-29,9,2,1,1,3,24.31,6082,9.124,1.576
2025-10-29 10:00:00,2025-10-29,10,2,1,1,5,24.57,7072,10.609,1.949
2025-10-29 11:00:00,2025-10-29,11,2,1,1,2,23.96,9319,13.98,1.418
2025-10-29 12:00:00,2025-10-29,12,2,1,1,4,22.97,9059,13.589,1.72
2025-10-29 13:00:00,2025-10-29,13,2,1,1,3,21.03,8618,12.928,1.346
2025-10-29 14:00:00,2025-10-29,14,2,1,1,3,22.16,7020,10.53,1.254
2025-10-29 15:00:00,2025-10-29,15,2,1,1,2,22.59,6558,9.838,1.445
2025-10-29 16:00:00,2025-10-29,16,2,1,1,4,20.67,3872,5.808,1.518
2025-10-29 17:00:00,2025-10-29,17,2,1,1,2,20.18,2253,3.381,1.222
2025-10-29 18:00:00,2025-10-29,18,2,1,0,0,19.7,0,0.0,1.109
2025-10-29 19:00:00,2025-10-29,19,2,1,1,2,19.28,0,-0.0,0.718
2025-10-29 20:00:00,2025-10-29,20,2,1,0,0,19.63,0,-0.0,0.411
2025-10-29 21:00:00,2025-10-29,21,2,1,0,0,19.32,0,-0.0,0.624
2025-10-29 22:00:00,2025-10-29,22,2,1,0,0,19.08,0,-0.0,0.298
2025-10-29 23:00:00,2025-10-29,23,2,1,0,0,19.18,0,-0.0,0.498
2025-10-30 00:00:00,2025-10-30,0,3,1,0,0,20.26,0,-0.0,0.257
2025-10-30 01:00:00,2025-10-30,1,3,1,0,0,21.44,0,-0.0,0.295
2025-10-30 02:00:00,2025-10-30,2,3,1,0,0,21.72,0,-0.0,0.458
2025-10-30 03:00:00,2025-10-30,3,3,1,0,0,23.0,0,-0.0,0.346
2025-10-30 04:00:00,2025-10-30,4,3,1,0,0,23.83,0,-0.0,0.374
2025-10-30 05:00:00,2025-10-30,5,3,1,0,0,24.75,0,-0.0,0.462
2025-10-30 06:00:00,2025-10-30,6,3,1,0,0,25.58,0,0.0,0.458
2025-10-30 07:00:00,2025-10-30,7,3,1,0,0,24.9,2330,3.495,0.386
2025-10-30 08:00:00,2025-10-30,8,3,1,0,0,23.88,4564,6.846,0.336
2025-10-30 09:00:00,2025-10-30,9,3,1,1,3,24.54,5177,7.766,1.28
2025-10-30 10:00:00,2025-10-30,10,3,1,1,4,24.54,8330,12.495,1.902
2025-10-30 11:00:00,2025-10-30,11,3,1,1,3,22.55,6290,9.436,1.331
2025-10-30 12:00:00,2025-10-30,12,3,1,0,0,24.5,8759,13.139,1.003
2025-10-30 13:00:00,2025-10-30,13,3,1,1,1,22.77,6952,10.428,1.104
2025-10-30 14:00:00,2025-10-30,14,3,1,1,2,22.19,6811,10.217,1.312
2025-10-30 15:00:00,2025-10-30,15,3,1,1,5,22.21,5843,8.765,1.813
2025-10-30 16:00:00,2025-10-30,16,3,1,1,2,19.9,3492,5.238,1.36
2025-10-30 17:00:00,2025-10-30,17,3,1,1,1,20.26,2271,3.408,1.032
2025-10-30 18:00:00,2025-10-30,18,3,1,0,0,19.25,0,0.0,0.93
2025-10-30 19:00:00,2025-10-30,19,3,1,0,0,18.92,0,-0.0,0.386
2025-10-30 20:00:00,2025-10-30,20,3,1,0,0,18.37,0,-0.0,0.327
2025-10-30 21:00:00,2025-10-30,21,3,1,0,0,20.44,0,-0.0,0.558
2025-10-30 22:00:00,2025-10-30,22,3,1,0,0,19.13,0,-0.0,0.434
2025-10-30 23:00:00,2025-10-30,23,3,1,0,0,20.48,0,-0.0,0.475
